Hemisphere,Month,Year,D-N,DJF,J-D,JJA,MAM,SON,Temperature
Global,Apr,1880,,,-0.16,-0.15,-0.1,-0.18,-0.15
Global,Aug,1880,,,-0.16,-0.15,-0.1,-0.18,-0.09
Global,Dec,1880,,,-0.16,-0.15,-0.1,-0.18,-0.16
Global,Feb,1880,,,-0.16,-0.15,-0.1,-0.18,-0.23
Global,Jan,1880,,,-0.16,-0.15,-0.1,-0.18,-0.17
Global,Jul,1880,,,-0.16,-0.15,-0.1,-0.18,-0.17
Global,Jun,1880,,,-0.16,-0.15,-0.1,-0.18,-0.2
Global,Mar,1880,,,-0.16,-0.15,-0.1,-0.18,-0.08
Global,May,1880,,,-0.16,-0.15,-0.1,-0.18,-0.08
Global,Nov,1880,,,-0.16,-0.15,-0.1,-0.18,-0.2
Global,Oct,1880,,,-0.16,-0.15,-0.1,-0.18,-0.22
Global,Sep,1880,,,-0.16,-0.15,-0.1,-0.18,-0.13
Global,Apr,1881,-0.08,-0.16,-0.07,-0.06,0.06,-0.17,0.06
Global,Aug,1881,-0.08,-0.16,-0.07,-0.06,0.06,-0.17,-0.02
Global,Dec,1881,-0.08,-0.16,-0.07,-0.06,0.06,-0.17,-0.05
Global,Feb,1881,-0.08,-0.16,-0.07,-0.06,0.06,-0.17,-0.13
Global,Jan,1881,-0.08,-0.16,-0.07,-0.06,0.06,-0.17,-0.18
Global,Jul,1881,-0.08,-0.16,-0.07,-0.06,0.06,-0.17,0.02
Global,Jun,1881,-0.08,-0.16,-0.07,-0.06,0.06,-0.17,-0.17
Global,Mar,1881,-0.08,-0.16,-0.07,-0.06,0.06,-0.17,0.04
Global,May,1881,-0.08,-0.16,-0.07,-0.06,0.06,-0.17,0.08
Global,Nov,1881,-0.08,-0.16,-0.07,-0.06,0.06,-0.17,-0.17
Global,Oct,1881,-0.08,-0.16,-0.07,-0.06,0.06,-0.17,-0.2
Global,Sep,1881,-0.08,-0.16,-0.07,-0.06,0.06,-0.17,-0.14
Global,Apr,1882,-0.07,0.09,-0.1,-0.14,-0.08,-0.17,-0.15
Global,Aug,1882,-0.07,0.09,-0.1,-0.14,-0.08,-0.17,-0.06
Global,Dec,1882,-0.07,0.09,-0.1,-0.14,-0.08,-0.17,-0.34
Global,Feb,1882,-0.07,0.09,-0.1,-0.14,-0.08,-0.17,0.15
Global,Jan,1882,-0.07,0.09,-0.1,-0.14,-0.08,-0.17,0.18
Global,Jul,1882,-0.07,0.09,-0.1,-0.14,-0.08,-0.17,-0.15
Global,Jun,1882,-0.07,0.09,-0.1,-0.14,-0.08,-0.17,-0.21
Global,Mar,1882,-0.07,0.09,-0.1,-0.14,-0.08,-0.17,0.06
Global,May,1882,-0.07,0.09,-0.1,-0.14,-0.08,-0.17,-0.13
Global,Nov,1882,-0.07,0.09,-0.1,-0.14,-0.08,-0.17,-0.15
Global,Oct,1882,-0.07,0.09,-0.1,-0.14,-0.08,-0.17,-0.23
Global,Sep,1882,-0.07,0.09,-0.1,-0.14,-0.08,-0.17,-0.13
Global,Apr,1883,-0.18,-0.33,-0.16,-0.08,-0.15,-0.17,-0.17
Global,Aug,1883,-0.18,-0.33,-0.16,-0.08,-0.15,-0.17,-0.12
Global,Dec,1883,-0.18,-0.33,-0.16,-0.08,-0.15,-0.17,-0.1
Global,Feb,1883,-0.18,-0.33,-0.16,-0.08,-0.15,-0.17,-0.36
Global,Jan,1883,-0.18,-0.33,-0.16,-0.08,-0.15,-0.17,-0.28
Global,Jul,1883,-0.18,-0.33,-0.16,-0.08,-0.15,-0.17,-0.05
Global,Jun,1883,-0.18,-0.33,-0.16,-0.08,-0.15,-0.17,-0.07
Global,Mar,1883,-0.18,-0.33,-0.16,-0.08,-0.15,-0.17,-0.11
Global,May,1883,-0.18,-0.33,-0.16,-0.08,-0.15,-0.17,-0.16
Global,Nov,1883,-0.18,-0.33,-0.16,-0.08,-0.15,-0.17,-0.22
Global,Oct,1883,-0.18,-0.33,-0.16,-0.08,-0.15,-0.17,-0.1
Global,Sep,1883,-0.18,-0.33,-0.16,-0.08,-0.15,-0.17,-0.2
Global,Apr,1884,-0.26,-0.1,-0.28,-0.31,-0.36,-0.27,-0.39
Global,Aug,1884,-0.26,-0.1,-0.28,-0.31,-0.36,-0.27,-0.27
Global,Dec,1884,-0.26,-0.1,-0.28,-0.31,-0.36,-0.27,-0.3
Global,Feb,1884,-0.26,-0.1,-0.28,-0.31,-0.36,-0.27,-0.07
Global,Jan,1884,-0.26,-0.1,-0.28,-0.31,-0.36,-0.27,-0.12
Global,Jul,1884,-0.26,-0.1,-0.28,-0.31,-0.36,-0.27,-0.32
Global,Jun,1884,-0.26,-0.1,-0.28,-0.31,-0.36,-0.27,-0.34
Global,Mar,1884,-0.26,-0.1,-0.28,-0.31,-0.36,-0.27,-0.36
Global,May,1884,-0.26,-0.1,-0.28,-0.31,-0.36,-0.27,-0.33
Global,Nov,1884,-0.26,-0.1,-0.28,-0.31,-0.36,-0.27,-0.32
Global,Oct,1884,-0.26,-0.1,-0.28,-0.31,-0.36,-0.27,-0.24
Global,Sep,1884,-0.26,-0.1,-0.28,-0.31,-0.36,-0.27,-0.26
Global,Apr,1885,-0.34,-0.4,-0.32,-0.35,-0.37,-0.24,-0.41
Global,Aug,1885,-0.34,-0.4,-0.32,-0.35,-0.37,-0.24,-0.3
Global,Dec,1885,-0.34,-0.4,-0.32,-0.35,-0.37,-0.24,-0.09
Global,Feb,1885,-0.34,-0.4,-0.32,-0.35,-0.37,-0.24,-0.33
Global,Jan,1885,-0.34,-0.4,-0.32,-0.35,-0.37,-0.24,-0.58
Global,Jul,1885,-0.34,-0.4,-0.32,-0.35,-0.37,-0.24,-0.33
Global,Jun,1885,-0.34,-0.4,-0.32,-0.35,-0.37,-0.24,-0.43
Global,Mar,1885,-0.34,-0.4,-0.32,-0.35,-0.37,-0.24,-0.25
Global,May,1885,-0.34,-0.4,-0.32,-0.35,-0.37,-0.24,-0.44
Global,Nov,1885,-0.34,-0.4,-0.32,-0.35,-0.37,-0.24,-0.23
Global,Oct,1885,-0.34,-0.4,-0.32,-0.35,-0.37,-0.24,-0.23
Global,Sep,1885,-0.34,-0.4,-0.32,-0.35,-0.37,-0.24,-0.28
Global,Apr,1886,-0.29,-0.34,-0.31,-0.27,-0.31,-0.25,-0.27
Global,Aug,1886,-0.29,-0.34,-0.31,-0.27,-0.31,-0.25,-0.3
Global,Dec,1886,-0.29,-0.34,-0.31,-0.27,-0.31,-0.25,-0.24
Global,Feb,1886,-0.29,-0.34,-0.31,-0.27,-0.31,-0.25,-0.5
Global,Jan,1886,-0.29,-0.34,-0.31,-0.27,-0.31,-0.25,-0.43
Global,Jul,1886,-0.29,-0.34,-0.31,-0.27,-0.31,-0.25,-0.17
Global,Jun,1886,-0.29,-0.34,-0.31,-0.27,-0.31,-0.25,-0.34
Global,Mar,1886,-0.29,-0.34,-0.31,-0.27,-0.31,-0.25,-0.42
Global,May,1886,-0.29,-0.34,-0.31,-0.27,-0.31,-0.25,-0.23
Global,Nov,1886,-0.29,-0.34,-0.31,-0.27,-0.31,-0.25,-0.26
Global,Oct,1886,-0.29,-0.34,-0.31,-0.27,-0.31,-0.25,-0.27
Global,Sep,1886,-0.29,-0.34,-0.31,-0.27,-0.31,-0.25,-0.23
Global,Apr,1887,-0.35,-0.5,-0.35,-0.28,-0.33,-0.28,-0.34
Global,Aug,1887,-0.35,-0.5,-0.35,-0.28,-0.33,-0.28,-0.34
Global,Dec,1887,-0.35,-0.5,-0.35,-0.28,-0.33,-0.28,-0.32
Global,Feb,1887,-0.35,-0.5,-0.35,-0.28,-0.33,-0.28,-0.56
Global,Jan,1887,-0.35,-0.5,-0.35,-0.28,-0.33,-0.28,-0.71
Global,Jul,1887,-0.35,-0.5,-0.35,-0.28,-0.33,-0.28,-0.25
Global,Jun,1887,-0.35,-0.5,-0.35,-0.28,-0.33,-0.28,-0.24
Global,Mar,1887,-0.35,-0.5,-0.35,-0.28,-0.33,-0.28,-0.35
Global,May,1887,-0.35,-0.5,-0.35,-0.28,-0.33,-0.28,-0.29
Global,Nov,1887,-0.35,-0.5,-0.35,-0.28,-0.33,-0.28,-0.25
Global,Oct,1887,-0.35,-0.5,-0.35,-0.28,-0.33,-0.28,-0.35
Global,Sep,1887,-0.35,-0.5,-0.35,-0.28,-0.33,-0.28,-0.25
Global,Apr,1888,-0.19,-0.34,-0.17,-0.14,-0.27,-0.02,-0.2
Global,Aug,1888,-0.19,-0.34,-0.17,-0.14,-0.27,-0.02,-0.15
Global,Dec,1888,-0.19,-0.34,-0.17,-0.14,-0.27,-0.02,-0.03
Global,Feb,1888,-0.19,-0.34,-0.17,-0.14,-0.27,-0.02,-0.35
Global,Jan,1888,-0.19,-0.34,-0.17,-0.14,-0.27,-0.02,-0.33
Global,Jul,1888,-0.19,-0.34,-0.17,-0.14,-0.27,-0.02,-0.1
Global,Jun,1888,-0.19,-0.34,-0.17,-0.14,-0.27,-0.02,-0.17
Global,Mar,1888,-0.19,-0.34,-0.17,-0.14,-0.27,-0.02,-0.41
Global,May,1888,-0.19,-0.34,-0.17,-0.14,-0.27,-0.02,-0.21
Global,Nov,1888,-0.19,-0.34,-0.17,-0.14,-0.27,-0.02,0.03
Global,Oct,1888,-0.19,-0.34,-0.17,-0.14,-0.27,-0.02,0.02
Global,Sep,1888,-0.19,-0.34,-0.17,-0.14,-0.27,-0.02,-0.11
Global,Apr,1889,-0.08,0.02,-0.1,-0.12,0.05,-0.27,0.1
Global,Aug,1889,-0.08,0.02,-0.1,-0.12,0.05,-0.27,-0.2
Global,Dec,1889,-0.08,0.02,-0.1,-0.12,0.05,-0.27,-0.28
Global,Feb,1889,-0.08,0.02,-0.1,-0.12,0.05,-0.27,0.17
Global,Jan,1889,-0.08,0.02,-0.1,-0.12,0.05,-0.27,-0.08
Global,Jul,1889,-0.08,0.02,-0.1,-0.12,0.05,-0.27,-0.07
Global,Jun,1889,-0.08,0.02,-0.1,-0.12,0.05,-0.27,-0.1
Global,Mar,1889,-0.08,0.02,-0.1,-0.12,0.05,-0.27,0.06
Global,May,1889,-0.08,0.02,-0.1,-0.12,0.05,-0.27,0
Global,Nov,1889,-0.08,0.02,-0.1,-0.12,0.05,-0.27,-0.33
Global,Oct,1889,-0.08,0.02,-0.1,-0.12,0.05,-0.27,-0.25
Global,Sep,1889,-0.08,0.02,-0.1,-0.12,0.05,-0.27,-0.24
Global,Apr,1890,-0.34,-0.38,-0.35,-0.3,-0.36,-0.34,-0.29
Global,Aug,1890,-0.34,-0.38,-0.35,-0.3,-0.36,-0.34,-0.38
Global,Dec,1890,-0.34,-0.38,-0.35,-0.3,-0.36,-0.34,-0.3
Global,Feb,1890,-0.34,-0.38,-0.35,-0.3,-0.36,-0.34,-0.44
Global,Jan,1890,-0.34,-0.38,-0.35,-0.3,-0.36,-0.34,-0.41
Global,Jul,1890,-0.34,-0.38,-0.35,-0.3,-0.36,-0.34,-0.27
Global,Jun,1890,-0.34,-0.38,-0.35,-0.3,-0.36,-0.34,-0.24
Global,Mar,1890,-0.34,-0.38,-0.35,-0.3,-0.36,-0.34,-0.4
Global,May,1890,-0.34,-0.38,-0.35,-0.3,-0.36,-0.34,-0.39
Global,Nov,1890,-0.34,-0.38,-0.35,-0.3,-0.36,-0.34,-0.42
Global,Oct,1890,-0.34,-0.38,-0.35,-0.3,-0.36,-0.34,-0.24
Global,Sep,1890,-0.34,-0.38,-0.35,-0.3,-0.36,-0.34,-0.36
Global,Apr,1891,-0.24,-0.37,-0.22,-0.18,-0.2,-0.23,-0.27
Global,Aug,1891,-0.24,-0.37,-0.22,-0.18,-0.2,-0.23,-0.17
Global,Dec,1891,-0.24,-0.37,-0.22,-0.18,-0.2,-0.23,-0.04
Global,Feb,1891,-0.24,-0.37,-0.22,-0.18,-0.2,-0.23,-0.46
Global,Jan,1891,-0.24,-0.37,-0.22,-0.18,-0.2,-0.23,-0.34
Global,Jul,1891,-0.24,-0.37,-0.22,-0.18,-0.2,-0.23,-0.17
Global,Jun,1891,-0.24,-0.37,-0.22,-0.18,-0.2,-0.23,-0.2
Global,Mar,1891,-0.24,-0.37,-0.22,-0.18,-0.2,-0.23,-0.18
Global,May,1891,-0.24,-0.37,-0.22,-0.18,-0.2,-0.23,-0.16
Global,Nov,1891,-0.24,-0.37,-0.22,-0.18,-0.2,-0.23,-0.31
Global,Oct,1891,-0.24,-0.37,-0.22,-0.18,-0.2,-0.23,-0.22
Global,Sep,1891,-0.24,-0.37,-0.22,-0.18,-0.2,-0.23,-0.15
Global,Apr,1892,-0.24,-0.14,-0.27,-0.27,-0.32,-0.24,-0.33
Global,Aug,1892,-0.24,-0.14,-0.27,-0.27,-0.32,-0.24,-0.27
Global,Dec,1892,-0.24,-0.14,-0.27,-0.27,-0.32,-0.24,-0.38
Global,Feb,1892,-0.24,-0.14,-0.27,-0.27,-0.32,-0.24,-0.1
Global,Jan,1892,-0.24,-0.14,-0.27,-0.27,-0.32,-0.24,-0.28
Global,Jul,1892,-0.24,-0.14,-0.27,-0.27,-0.32,-0.24,-0.31
Global,Jun,1892,-0.24,-0.14,-0.27,-0.27,-0.32,-0.24,-0.22
Global,Mar,1892,-0.24,-0.14,-0.27,-0.27,-0.32,-0.24,-0.4
Global,May,1892,-0.24,-0.14,-0.27,-0.27,-0.32,-0.24,-0.23
Global,Nov,1892,-0.24,-0.14,-0.27,-0.27,-0.32,-0.24,-0.41
Global,Oct,1892,-0.24,-0.14,-0.27,-0.27,-0.32,-0.24,-0.14
Global,Sep,1892,-0.24,-0.14,-0.27,-0.27,-0.32,-0.24,-0.16
Global,Apr,1893,-0.31,-0.58,-0.31,-0.21,-0.27,-0.19,-0.27
Global,Aug,1893,-0.31,-0.58,-0.31,-0.21,-0.27,-0.19,-0.24
Global,Dec,1893,-0.31,-0.58,-0.31,-0.21,-0.27,-0.19,-0.31
Global,Feb,1893,-0.31,-0.58,-0.31,-0.21,-0.27,-0.19,-0.57
Global,Jan,1893,-0.31,-0.58,-0.31,-0.21,-0.27,-0.19,-0.81
Global,Jul,1893,-0.31,-0.58,-0.31,-0.21,-0.27,-0.19,-0.13
Global,Jun,1893,-0.31,-0.58,-0.31,-0.21,-0.27,-0.19,-0.25
Global,Mar,1893,-0.31,-0.58,-0.31,-0.21,-0.27,-0.19,-0.22
Global,May,1893,-0.31,-0.58,-0.31,-0.21,-0.27,-0.19,-0.33
Global,Nov,1893,-0.31,-0.58,-0.31,-0.21,-0.27,-0.19,-0.18
Global,Oct,1893,-0.31,-0.58,-0.31,-0.21,-0.27,-0.19,-0.18
Global,Sep,1893,-0.31,-0.58,-0.31,-0.21,-0.27,-0.19,-0.22
Global,Apr,1894,-0.31,-0.37,-0.3,-0.29,-0.33,-0.25,-0.44
Global,Aug,1894,-0.31,-0.37,-0.3,-0.29,-0.33,-0.25,-0.23
Global,Dec,1894,-0.31,-0.37,-0.3,-0.29,-0.33,-0.25,-0.2
Global,Feb,1894,-0.31,-0.37,-0.3,-0.29,-0.33,-0.25,-0.29
Global,Jan,1894,-0.31,-0.37,-0.3,-0.29,-0.33,-0.25,-0.52
Global,Jul,1894,-0.31,-0.37,-0.3,-0.29,-0.33,-0.25,-0.23
Global,Jun,1894,-0.31,-0.37,-0.3,-0.29,-0.33,-0.25,-0.4
Global,Mar,1894,-0.31,-0.37,-0.3,-0.29,-0.33,-0.25,-0.23
Global,May,1894,-0.31,-0.37,-0.3,-0.29,-0.33,-0.25,-0.3
Global,Nov,1894,-0.31,-0.37,-0.3,-0.29,-0.33,-0.25,-0.25
Global,Oct,1894,-0.31,-0.37,-0.3,-0.29,-0.33,-0.25,-0.23
Global,Sep,1894,-0.31,-0.37,-0.3,-0.29,-0.33,-0.25,-0.27
Global,Apr,1895,-0.23,-0.34,-0.22,-0.18,-0.27,-0.13,-0.21
Global,Aug,1895,-0.23,-0.34,-0.22,-0.18,-0.27,-0.13,-0.16
Global,Dec,1895,-0.23,-0.34,-0.22,-0.18,-0.27,-0.13,-0.13
Global,Feb,1895,-0.23,-0.34,-0.22,-0.18,-0.27,-0.13,-0.42
Global,Jan,1895,-0.23,-0.34,-0.22,-0.18,-0.27,-0.13,-0.4
Global,Jul,1895,-0.23,-0.34,-0.22,-0.18,-0.27,-0.13,-0.16
Global,Jun,1895,-0.23,-0.34,-0.22,-0.18,-0.27,-0.13,-0.2
Global,Mar,1895,-0.23,-0.34,-0.22,-0.18,-0.27,-0.13,-0.32
Global,May,1895,-0.23,-0.34,-0.22,-0.18,-0.27,-0.13,-0.26
Global,Nov,1895,-0.23,-0.34,-0.22,-0.18,-0.27,-0.13,-0.16
Global,Oct,1895,-0.23,-0.34,-0.22,-0.18,-0.27,-0.13,-0.1
Global,Sep,1895,-0.23,-0.34,-0.22,-0.18,-0.27,-0.13,-0.12
Global,Apr,1896,-0.12,-0.16,-0.11,-0.06,-0.24,-0.01,-0.3
Global,Aug,1896,-0.12,-0.16,-0.11,-0.06,-0.24,-0.01,-0.05
Global,Dec,1896,-0.12,-0.16,-0.11,-0.06,-0.24,-0.01,-0.04
Global,Feb,1896,-0.12,-0.16,-0.11,-0.06,-0.24,-0.01,-0.12
Global,Jan,1896,-0.12,-0.16,-0.11,-0.06,-0.24,-0.01,-0.21
Global,Jul,1896,-0.12,-0.16,-0.11,-0.06,-0.24,-0.01,-0.02
Global,Jun,1896,-0.12,-0.16,-0.11,-0.06,-0.24,-0.01,-0.1
Global,Mar,1896,-0.12,-0.16,-0.11,-0.06,-0.24,-0.01,-0.26
Global,May,1896,-0.12,-0.16,-0.11,-0.06,-0.24,-0.01,-0.15
Global,Nov,1896,-0.12,-0.16,-0.11,-0.06,-0.24,-0.01,-0.04
Global,Oct,1896,-0.12,-0.16,-0.11,-0.06,-0.24,-0.01,0.07
Global,Sep,1896,-0.12,-0.16,-0.11,-0.06,-0.24,-0.01,-0.07
Global,Apr,1897,-0.09,-0.12,-0.11,-0.07,-0.06,-0.12,-0.02
Global,Aug,1897,-0.09,-0.12,-0.11,-0.07,-0.06,-0.12,-0.09
Global,Dec,1897,-0.09,-0.12,-0.11,-0.07,-0.06,-0.12,-0.19
Global,Feb,1897,-0.09,-0.12,-0.11,-0.07,-0.06,-0.12,-0.17
Global,Jan,1897,-0.09,-0.12,-0.11,-0.07,-0.06,-0.12,-0.15
Global,Jul,1897,-0.09,-0.12,-0.11,-0.07,-0.06,-0.12,-0.02
Global,Jun,1897,-0.09,-0.12,-0.11,-0.07,-0.06,-0.12,-0.11
Global,Mar,1897,-0.09,-0.12,-0.11,-0.07,-0.06,-0.12,-0.13
Global,May,1897,-0.09,-0.12,-0.11,-0.07,-0.06,-0.12,-0.01
Global,Nov,1897,-0.09,-0.12,-0.11,-0.07,-0.06,-0.12,-0.17
Global,Oct,1897,-0.09,-0.12,-0.11,-0.07,-0.06,-0.12,-0.12
Global,Sep,1897,-0.09,-0.12,-0.11,-0.07,-0.06,-0.12,-0.08
Global,Apr,1898,-0.26,-0.16,-0.26,-0.21,-0.36,-0.31,-0.3
Global,Aug,1898,-0.26,-0.16,-0.26,-0.21,-0.36,-0.31,-0.25
Global,Dec,1898,-0.26,-0.16,-0.26,-0.21,-0.36,-0.31,-0.22
Global,Feb,1898,-0.26,-0.16,-0.26,-0.21,-0.36,-0.31,-0.29
Global,Jan,1898,-0.26,-0.16,-0.26,-0.21,-0.36,-0.31,-0.01
Global,Jul,1898,-0.26,-0.16,-0.26,-0.21,-0.36,-0.31,-0.21
Global,Jun,1898,-0.26,-0.16,-0.26,-0.21,-0.36,-0.31,-0.18
Global,Mar,1898,-0.26,-0.16,-0.26,-0.21,-0.36,-0.31,-0.5
Global,May,1898,-0.26,-0.16,-0.26,-0.21,-0.36,-0.31,-0.29
Global,Nov,1898,-0.26,-0.16,-0.26,-0.21,-0.36,-0.31,-0.37
Global,Oct,1898,-0.26,-0.16,-0.26,-0.21,-0.36,-0.31,-0.34
Global,Sep,1898,-0.26,-0.16,-0.26,-0.21,-0.36,-0.31,-0.21
Global,Apr,1899,-0.17,-0.25,-0.17,-0.18,-0.26,0.02,-0.2
Global,Aug,1899,-0.17,-0.25,-0.17,-0.18,-0.26,0.02,-0.08
Global,Dec,1899,-0.17,-0.25,-0.17,-0.18,-0.26,0.02,-0.25
Global,Feb,1899,-0.17,-0.25,-0.17,-0.18,-0.26,0.02,-0.38
Global,Jan,1899,-0.17,-0.25,-0.17,-0.18,-0.26,0.02,-0.15
Global,Jul,1899,-0.17,-0.25,-0.17,-0.18,-0.26,0.02,-0.15
Global,Jun,1899,-0.17,-0.25,-0.17,-0.18,-0.26,0.02,-0.31
Global,Mar,1899,-0.17,-0.25,-0.17,-0.18,-0.26,0.02,-0.35
Global,May,1899,-0.17,-0.25,-0.17,-0.18,-0.26,0.02,-0.22
Global,Nov,1899,-0.17,-0.25,-0.17,-0.18,-0.26,0.02,0.14
Global,Oct,1899,-0.17,-0.25,-0.17,-0.18,-0.26,0.02,-0.04
Global,Sep,1899,-0.17,-0.25,-0.17,-0.18,-0.26,0.02,-0.04
Global,Apr,1900,-0.09,-0.22,-0.07,-0.1,-0.05,0,-0.08
Global,Aug,1900,-0.09,-0.22,-0.07,-0.1,-0.05,0,-0.08
Global,Dec,1900,-0.09,-0.22,-0.07,-0.1,-0.05,0,-0.06
Global,Feb,1900,-0.09,-0.22,-0.07,-0.1,-0.05,0,-0.05
Global,Jan,1900,-0.09,-0.22,-0.07,-0.1,-0.05,0,-0.35
Global,Jul,1900,-0.09,-0.22,-0.07,-0.1,-0.05,0,-0.12
Global,Jun,1900,-0.09,-0.22,-0.07,-0.1,-0.05,0,-0.09
Global,Mar,1900,-0.09,-0.22,-0.07,-0.1,-0.05,0,0.01
Global,May,1900,-0.09,-0.22,-0.07,-0.1,-0.05,0,-0.08
Global,Nov,1900,-0.09,-0.22,-0.07,-0.1,-0.05,0,-0.05
Global,Oct,1900,-0.09,-0.22,-0.07,-0.1,-0.05,0,0.11
Global,Sep,1900,-0.09,-0.22,-0.07,-0.1,-0.05,0,-0.04
Global,Apr,1901,-0.13,-0.12,-0.15,-0.15,-0.03,-0.22,-0.02
Global,Aug,1901,-0.13,-0.12,-0.15,-0.15,-0.03,-0.22,-0.2
Global,Dec,1901,-0.13,-0.12,-0.15,-0.15,-0.03,-0.22,-0.26
Global,Feb,1901,-0.13,-0.12,-0.15,-0.15,-0.03,-0.22,-0.1
Global,Jan,1901,-0.13,-0.12,-0.15,-0.15,-0.03,-0.22,-0.21
Global,Jul,1901,-0.13,-0.12,-0.15,-0.15,-0.03,-0.22,-0.14
Global,Jun,1901,-0.13,-0.12,-0.15,-0.15,-0.03,-0.22,-0.11
Global,Mar,1901,-0.13,-0.12,-0.15,-0.15,-0.03,-0.22,0.07
Global,May,1901,-0.13,-0.12,-0.15,-0.15,-0.03,-0.22,-0.15
Global,Nov,1901,-0.13,-0.12,-0.15,-0.15,-0.03,-0.22,-0.17
Global,Oct,1901,-0.13,-0.12,-0.15,-0.15,-0.03,-0.22,-0.28
Global,Sep,1901,-0.13,-0.12,-0.15,-0.15,-0.03,-0.22,-0.21
Global,Apr,1902,-0.26,-0.16,-0.27,-0.28,-0.28,-0.3,-0.27
Global,Aug,1902,-0.26,-0.16,-0.27,-0.28,-0.28,-0.3,-0.29
Global,Dec,1902,-0.26,-0.16,-0.27,-0.28,-0.28,-0.3,-0.4
Global,Feb,1902,-0.26,-0.16,-0.27,-0.28,-0.28,-0.3,-0.06
Global,Jan,1902,-0.26,-0.16,-0.27,-0.28,-0.28,-0.3,-0.17
Global,Jul,1902,-0.26,-0.16,-0.27,-0.28,-0.28,-0.3,-0.27
Global,Jun,1902,-0.26,-0.16,-0.27,-0.28,-0.28,-0.3,-0.29
Global,Mar,1902,-0.26,-0.16,-0.27,-0.28,-0.28,-0.3,-0.27
Global,May,1902,-0.26,-0.16,-0.27,-0.28,-0.28,-0.3,-0.31
Global,Nov,1902,-0.26,-0.16,-0.27,-0.28,-0.28,-0.3,-0.34
Global,Oct,1902,-0.26,-0.16,-0.27,-0.28,-0.28,-0.3,-0.28
Global,Sep,1902,-0.26,-0.16,-0.27,-0.28,-0.28,-0.3,-0.28
Global,Apr,1903,-0.35,-0.22,-0.36,-0.4,-0.33,-0.46,-0.4
Global,Aug,1903,-0.35,-0.22,-0.36,-0.4,-0.33,-0.46,-0.44
Global,Dec,1903,-0.35,-0.22,-0.36,-0.4,-0.33,-0.46,-0.49
Global,Feb,1903,-0.35,-0.22,-0.36,-0.4,-0.33,-0.46,-0.05
Global,Jan,1903,-0.35,-0.22,-0.36,-0.4,-0.33,-0.46,-0.22
Global,Jul,1903,-0.35,-0.22,-0.36,-0.4,-0.33,-0.46,-0.34
Global,Jun,1903,-0.35,-0.22,-0.36,-0.4,-0.33,-0.46,-0.41
Global,Mar,1903,-0.35,-0.22,-0.36,-0.4,-0.33,-0.46,-0.21
Global,May,1903,-0.35,-0.22,-0.36,-0.4,-0.33,-0.46,-0.39
Global,Nov,1903,-0.35,-0.22,-0.36,-0.4,-0.33,-0.46,-0.41
Global,Oct,1903,-0.35,-0.22,-0.36,-0.4,-0.33,-0.46,-0.47
Global,Sep,1903,-0.35,-0.22,-0.36,-0.4,-0.33,-0.46,-0.49
Global,Apr,1904,-0.47,-0.56,-0.46,-0.48,-0.49,-0.36,-0.49
Global,Aug,1904,-0.47,-0.56,-0.46,-0.48,-0.49,-0.36,-0.48
Global,Dec,1904,-0.47,-0.56,-0.46,-0.48,-0.49,-0.36,-0.32
Global,Feb,1904,-0.47,-0.56,-0.46,-0.48,-0.49,-0.36,-0.57
Global,Jan,1904,-0.47,-0.56,-0.46,-0.48,-0.49,-0.36,-0.62
Global,Jul,1904,-0.47,-0.56,-0.46,-0.48,-0.49,-0.36,-0.5
Global,Jun,1904,-0.47,-0.56,-0.46,-0.48,-0.49,-0.36,-0.47
Global,Mar,1904,-0.47,-0.56,-0.46,-0.48,-0.49,-0.36,-0.47
Global,May,1904,-0.47,-0.56,-0.46,-0.48,-0.49,-0.36,-0.51
Global,Nov,1904,-0.47,-0.56,-0.46,-0.48,-0.49,-0.36,-0.16
Global,Oct,1904,-0.47,-0.56,-0.46,-0.48,-0.49,-0.36,-0.38
Global,Sep,1904,-0.47,-0.56,-0.46,-0.48,-0.49,-0.36,-0.55
Global,Apr,1905,-0.27,-0.42,-0.26,-0.24,-0.27,-0.16,-0.33
Global,Aug,1905,-0.27,-0.42,-0.26,-0.24,-0.27,-0.16,-0.19
Global,Dec,1905,-0.27,-0.42,-0.26,-0.24,-0.27,-0.16,-0.12
Global,Feb,1905,-0.27,-0.42,-0.26,-0.24,-0.27,-0.16,-0.58
Global,Jan,1905,-0.27,-0.42,-0.26,-0.24,-0.27,-0.16,-0.34
Global,Jul,1905,-0.27,-0.42,-0.26,-0.24,-0.27,-0.16,-0.26
Global,Jun,1905,-0.27,-0.42,-0.26,-0.24,-0.27,-0.16,-0.27
Global,Mar,1905,-0.27,-0.42,-0.26,-0.24,-0.27,-0.16,-0.21
Global,May,1905,-0.27,-0.42,-0.26,-0.24,-0.27,-0.16,-0.29
Global,Nov,1905,-0.27,-0.42,-0.26,-0.24,-0.27,-0.16,-0.06
Global,Oct,1905,-0.27,-0.42,-0.26,-0.24,-0.27,-0.16,-0.24
Global,Sep,1905,-0.27,-0.42,-0.26,-0.24,-0.27,-0.16,-0.18
Global,Apr,1906,-0.21,-0.23,-0.22,-0.2,-0.16,-0.28,-0.04
Global,Aug,1906,-0.21,-0.23,-0.22,-0.2,-0.16,-0.28,-0.19
Global,Dec,1906,-0.21,-0.23,-0.22,-0.2,-0.16,-0.28,-0.14
Global,Feb,1906,-0.21,-0.23,-0.22,-0.2,-0.16,-0.28,-0.29
Global,Jan,1906,-0.21,-0.23,-0.22,-0.2,-0.16,-0.28,-0.27
Global,Jul,1906,-0.21,-0.23,-0.22,-0.2,-0.16,-0.28,-0.22
Global,Jun,1906,-0.21,-0.23,-0.22,-0.2,-0.16,-0.28,-0.19
Global,Mar,1906,-0.21,-0.23,-0.22,-0.2,-0.16,-0.28,-0.18
Global,May,1906,-0.21,-0.23,-0.22,-0.2,-0.16,-0.28,-0.25
Global,Nov,1906,-0.21,-0.23,-0.22,-0.2,-0.16,-0.28,-0.36
Global,Oct,1906,-0.21,-0.23,-0.22,-0.2,-0.16,-0.28,-0.19
Global,Sep,1906,-0.21,-0.23,-0.22,-0.2,-0.16,-0.28,-0.28
Global,Apr,1907,-0.35,-0.35,-0.38,-0.36,-0.36,-0.34,-0.36
Global,Aug,1907,-0.35,-0.35,-0.38,-0.36,-0.36,-0.34,-0.33
Global,Dec,1907,-0.35,-0.35,-0.38,-0.36,-0.36,-0.34,-0.46
Global,Feb,1907,-0.35,-0.35,-0.38,-0.36,-0.36,-0.34,-0.5
Global,Jan,1907,-0.35,-0.35,-0.38,-0.36,-0.36,-0.34,-0.42
Global,Jul,1907,-0.35,-0.35,-0.38,-0.36,-0.36,-0.34,-0.34
Global,Jun,1907,-0.35,-0.35,-0.38,-0.36,-0.36,-0.34,-0.41
Global,Mar,1907,-0.35,-0.35,-0.38,-0.36,-0.36,-0.34,-0.26
Global,May,1907,-0.35,-0.35,-0.38,-0.36,-0.36,-0.34,-0.45
Global,Nov,1907,-0.35,-0.35,-0.38,-0.36,-0.36,-0.34,-0.45
Global,Oct,1907,-0.35,-0.35,-0.38,-0.36,-0.36,-0.34,-0.22
Global,Sep,1907,-0.35,-0.35,-0.38,-0.36,-0.36,-0.34,-0.33
Global,Apr,1908,-0.42,-0.4,-0.42,-0.39,-0.45,-0.43,-0.44
Global,Aug,1908,-0.42,-0.4,-0.42,-0.39,-0.45,-0.43,-0.45
Global,Dec,1908,-0.42,-0.4,-0.42,-0.39,-0.45,-0.43,-0.48
Global,Feb,1908,-0.42,-0.4,-0.42,-0.39,-0.45,-0.43,-0.32
Global,Jan,1908,-0.42,-0.4,-0.42,-0.39,-0.45,-0.43,-0.44
Global,Jul,1908,-0.42,-0.4,-0.42,-0.39,-0.45,-0.43,-0.34
Global,Jun,1908,-0.42,-0.4,-0.42,-0.39,-0.45,-0.43,-0.37
Global,Mar,1908,-0.42,-0.4,-0.42,-0.39,-0.45,-0.43,-0.54
Global,May,1908,-0.42,-0.4,-0.42,-0.39,-0.45,-0.43,-0.37
Global,Nov,1908,-0.42,-0.4,-0.42,-0.39,-0.45,-0.43,-0.51
Global,Oct,1908,-0.42,-0.4,-0.42,-0.39,-0.45,-0.43,-0.43
Global,Sep,1908,-0.42,-0.4,-0.42,-0.39,-0.45,-0.43,-0.35
Global,Apr,1909,-0.47,-0.55,-0.48,-0.42,-0.55,-0.36,-0.58
Global,Aug,1909,-0.47,-0.55,-0.48,-0.42,-0.55,-0.36,-0.32
Global,Dec,1909,-0.47,-0.55,-0.48,-0.42,-0.55,-0.36,-0.55
Global,Feb,1909,-0.47,-0.55,-0.48,-0.42,-0.55,-0.36,-0.45
Global,Jan,1909,-0.47,-0.55,-0.48,-0.42,-0.55,-0.36,-0.71
Global,Jul,1909,-0.47,-0.55,-0.48,-0.42,-0.55,-0.36,-0.44
Global,Jun,1909,-0.47,-0.55,-0.48,-0.42,-0.55,-0.36,-0.51
Global,Mar,1909,-0.47,-0.55,-0.48,-0.42,-0.55,-0.36,-0.54
Global,May,1909,-0.47,-0.55,-0.48,-0.42,-0.55,-0.36,-0.54
Global,Nov,1909,-0.47,-0.55,-0.48,-0.42,-0.55,-0.36,-0.31
Global,Oct,1909,-0.47,-0.55,-0.48,-0.42,-0.55,-0.36,-0.39
Global,Sep,1909,-0.47,-0.55,-0.48,-0.42,-0.55,-0.36,-0.38
Global,Apr,1910,-0.42,-0.46,-0.43,-0.35,-0.41,-0.44,-0.41
Global,Aug,1910,-0.42,-0.46,-0.43,-0.35,-0.41,-0.44,-0.35
Global,Dec,1910,-0.42,-0.46,-0.43,-0.35,-0.41,-0.44,-0.66
Global,Feb,1910,-0.42,-0.46,-0.43,-0.35,-0.41,-0.44,-0.41
Global,Jan,1910,-0.42,-0.46,-0.43,-0.35,-0.41,-0.44,-0.41
Global,Jul,1910,-0.42,-0.46,-0.43,-0.35,-0.41,-0.44,-0.33
Global,Jun,1910,-0.42,-0.46,-0.43,-0.35,-0.41,-0.44,-0.37
Global,Mar,1910,-0.42,-0.46,-0.43,-0.35,-0.41,-0.44,-0.5
Global,May,1910,-0.42,-0.46,-0.43,-0.35,-0.41,-0.44,-0.33
Global,Nov,1910,-0.42,-0.46,-0.43,-0.35,-0.41,-0.44,-0.54
Global,Oct,1910,-0.42,-0.46,-0.43,-0.35,-0.41,-0.44,-0.4
Global,Sep,1910,-0.42,-0.46,-0.43,-0.35,-0.41,-0.44,-0.38
Global,Apr,1911,-0.47,-0.61,-0.43,-0.44,-0.54,-0.28,-0.52
Global,Aug,1911,-0.47,-0.61,-0.43,-0.44,-0.54,-0.28,-0.43
Global,Dec,1911,-0.47,-0.61,-0.43,-0.44,-0.54,-0.28,-0.2
Global,Feb,1911,-0.47,-0.61,-0.43,-0.44,-0.54,-0.28,-0.56
Global,Jan,1911,-0.47,-0.61,-0.43,-0.44,-0.54,-0.28,-0.61
Global,Jul,1911,-0.47,-0.61,-0.43,-0.44,-0.54,-0.28,-0.4
Global,Jun,1911,-0.47,-0.61,-0.43,-0.44,-0.54,-0.28,-0.49
Global,Mar,1911,-0.47,-0.61,-0.43,-0.44,-0.54,-0.28,-0.6
Global,May,1911,-0.47,-0.61,-0.43,-0.44,-0.54,-0.28,-0.5
Global,Nov,1911,-0.47,-0.61,-0.43,-0.44,-0.54,-0.28,-0.2
Global,Oct,1911,-0.47,-0.61,-0.43,-0.44,-0.54,-0.28,-0.26
Global,Sep,1911,-0.47,-0.61,-0.43,-0.44,-0.54,-0.28,-0.4
Global,Apr,1912,-0.33,-0.19,-0.35,-0.39,-0.25,-0.5,-0.16
Global,Aug,1912,-0.33,-0.19,-0.35,-0.39,-0.25,-0.5,-0.53
Global,Dec,1912,-0.33,-0.19,-0.35,-0.39,-0.25,-0.5,-0.42
Global,Feb,1912,-0.33,-0.19,-0.35,-0.39,-0.25,-0.5,-0.13
Global,Jan,1912,-0.33,-0.19,-0.35,-0.39,-0.25,-0.5,-0.24
Global,Jul,1912,-0.33,-0.19,-0.35,-0.39,-0.25,-0.5,-0.41
Global,Jun,1912,-0.33,-0.19,-0.35,-0.39,-0.25,-0.5,-0.22
Global,Mar,1912,-0.33,-0.19,-0.35,-0.39,-0.25,-0.5,-0.37
Global,May,1912,-0.33,-0.19,-0.35,-0.39,-0.25,-0.5,-0.2
Global,Nov,1912,-0.33,-0.19,-0.35,-0.39,-0.25,-0.5,-0.38
Global,Oct,1912,-0.33,-0.19,-0.35,-0.39,-0.25,-0.5,-0.56
Global,Sep,1912,-0.33,-0.19,-0.35,-0.39,-0.25,-0.5,-0.57
Global,Apr,1913,-0.37,-0.42,-0.34,-0.37,-0.41,-0.28,-0.39
Global,Aug,1913,-0.37,-0.42,-0.34,-0.37,-0.41,-0.28,-0.33
Global,Dec,1913,-0.37,-0.42,-0.34,-0.37,-0.41,-0.28,-0.01
Global,Feb,1913,-0.37,-0.42,-0.34,-0.37,-0.41,-0.28,-0.44
Global,Jan,1913,-0.37,-0.42,-0.34,-0.37,-0.41,-0.28,-0.39
Global,Jul,1913,-0.37,-0.42,-0.34,-0.37,-0.41,-0.28,-0.35
Global,Jun,1913,-0.37,-0.42,-0.34,-0.37,-0.41,-0.28,-0.44
Global,Mar,1913,-0.37,-0.42,-0.34,-0.37,-0.41,-0.28,-0.42
Global,May,1913,-0.37,-0.42,-0.34,-0.37,-0.41,-0.28,-0.43
Global,Nov,1913,-0.37,-0.42,-0.34,-0.37,-0.41,-0.28,-0.19
Global,Oct,1913,-0.37,-0.42,-0.34,-0.37,-0.41,-0.28,-0.32
Global,Sep,1913,-0.37,-0.42,-0.34,-0.37,-0.41,-0.28,-0.34
Global,Apr,1914,-0.14,-0.02,-0.15,-0.21,-0.24,-0.11,-0.28
Global,Aug,1914,-0.14,-0.02,-0.15,-0.21,-0.24,-0.11,-0.15
Global,Dec,1914,-0.14,-0.02,-0.15,-0.21,-0.24,-0.11,-0.03
Global,Feb,1914,-0.14,-0.02,-0.15,-0.21,-0.24,-0.11,-0.09
Global,Jan,1914,-0.14,-0.02,-0.15,-0.21,-0.24,-0.11,0.06
Global,Jul,1914,-0.14,-0.02,-0.15,-0.21,-0.24,-0.11,-0.23
Global,Jun,1914,-0.14,-0.02,-0.15,-0.21,-0.24,-0.11,-0.25
Global,Mar,1914,-0.14,-0.02,-0.15,-0.21,-0.24,-0.11,-0.23
Global,May,1914,-0.14,-0.02,-0.15,-0.21,-0.24,-0.11,-0.2
Global,Nov,1914,-0.14,-0.02,-0.15,-0.21,-0.24,-0.11,-0.14
Global,Oct,1914,-0.14,-0.02,-0.15,-0.21,-0.24,-0.11,-0.03
Global,Sep,1914,-0.14,-0.02,-0.15,-0.21,-0.24,-0.11,-0.16
Global,Apr,1915,-0.12,-0.09,-0.13,-0.18,-0.02,-0.18,0.07
Global,Aug,1915,-0.12,-0.09,-0.13,-0.18,-0.02,-0.18,-0.21
Global,Dec,1915,-0.12,-0.09,-0.13,-0.18,-0.02,-0.18,-0.21
Global,Feb,1915,-0.12,-0.09,-0.13,-0.18,-0.02,-0.18,-0.03
Global,Jan,1915,-0.12,-0.09,-0.13,-0.18,-0.02,-0.18,-0.2
Global,Jul,1915,-0.12,-0.09,-0.13,-0.18,-0.02,-0.18,-0.11
Global,Jun,1915,-0.12,-0.09,-0.13,-0.18,-0.02,-0.18,-0.21
Global,Mar,1915,-0.12,-0.09,-0.13,-0.18,-0.02,-0.18,-0.09
Global,May,1915,-0.12,-0.09,-0.13,-0.18,-0.02,-0.18,-0.05
Global,Nov,1915,-0.12,-0.09,-0.13,-0.18,-0.02,-0.18,-0.12
Global,Oct,1915,-0.12,-0.09,-0.13,-0.18,-0.02,-0.18,-0.24
Global,Sep,1915,-0.12,-0.09,-0.13,-0.18,-0.02,-0.18,-0.2
Global,Apr,1916,-0.3,-0.15,-0.35,-0.37,-0.3,-0.37,-0.3
Global,Aug,1916,-0.3,-0.15,-0.35,-0.37,-0.3,-0.37,-0.27
Global,Dec,1916,-0.3,-0.15,-0.35,-0.37,-0.3,-0.37,-0.81
Global,Feb,1916,-0.3,-0.15,-0.35,-0.37,-0.3,-0.37,-0.14
Global,Jan,1916,-0.3,-0.15,-0.35,-0.37,-0.3,-0.37,-0.11
Global,Jul,1916,-0.3,-0.15,-0.35,-0.37,-0.3,-0.37,-0.36
Global,Jun,1916,-0.3,-0.15,-0.35,-0.37,-0.3,-0.37,-0.48
Global,Mar,1916,-0.3,-0.15,-0.35,-0.37,-0.3,-0.37,-0.27
Global,May,1916,-0.3,-0.15,-0.35,-0.37,-0.3,-0.37,-0.33
Global,Nov,1916,-0.3,-0.15,-0.35,-0.37,-0.3,-0.37,-0.45
Global,Oct,1916,-0.3,-0.15,-0.35,-0.37,-0.3,-0.37,-0.32
Global,Sep,1916,-0.3,-0.15,-0.35,-0.37,-0.3,-0.37,-0.35
Global,Apr,1917,-0.46,-0.67,-0.45,-0.29,-0.57,-0.33,-0.54
Global,Aug,1917,-0.46,-0.67,-0.45,-0.29,-0.57,-0.33,-0.21
Global,Dec,1917,-0.46,-0.67,-0.45,-0.29,-0.57,-0.33,-0.66
Global,Feb,1917,-0.46,-0.67,-0.45,-0.29,-0.57,-0.33,-0.62
Global,Jan,1917,-0.46,-0.67,-0.45,-0.29,-0.57,-0.33,-0.57
Global,Jul,1917,-0.46,-0.67,-0.45,-0.29,-0.57,-0.33,-0.24
Global,Jun,1917,-0.46,-0.67,-0.45,-0.29,-0.57,-0.33,-0.42
Global,Mar,1917,-0.46,-0.67,-0.45,-0.29,-0.57,-0.33,-0.63
Global,May,1917,-0.46,-0.67,-0.45,-0.29,-0.57,-0.33,-0.54
Global,Nov,1917,-0.46,-0.67,-0.45,-0.29,-0.57,-0.33,-0.32
Global,Oct,1917,-0.46,-0.67,-0.45,-0.29,-0.57,-0.33,-0.43
Global,Sep,1917,-0.46,-0.67,-0.45,-0.29,-0.57,-0.33,-0.22
Global,Apr,1918,-0.32,-0.49,-0.29,-0.32,-0.36,-0.11,-0.43
Global,Aug,1918,-0.32,-0.49,-0.29,-0.32,-0.36,-0.11,-0.31
Global,Dec,1918,-0.32,-0.49,-0.29,-0.32,-0.36,-0.11,-0.29
Global,Feb,1918,-0.32,-0.49,-0.29,-0.32,-0.36,-0.11,-0.33
Global,Jan,1918,-0.32,-0.49,-0.29,-0.32,-0.36,-0.11,-0.47
Global,Jul,1918,-0.32,-0.49,-0.29,-0.32,-0.36,-0.11,-0.31
Global,Jun,1918,-0.32,-0.49,-0.29,-0.32,-0.36,-0.11,-0.35
Global,Mar,1918,-0.32,-0.49,-0.29,-0.32,-0.36,-0.11,-0.24
Global,May,1918,-0.32,-0.49,-0.29,-0.32,-0.36,-0.11,-0.42
Global,Nov,1918,-0.32,-0.49,-0.29,-0.32,-0.36,-0.11,-0.11
Global,Oct,1918,-0.32,-0.49,-0.29,-0.32,-0.36,-0.11,-0.05
Global,Sep,1918,-0.32,-0.49,-0.29,-0.32,-0.36,-0.11,-0.17
Global,Apr,1919,-0.26,-0.24,-0.27,-0.32,-0.2,-0.28,-0.12
Global,Aug,1919,-0.26,-0.24,-0.27,-0.32,-0.2,-0.28,-0.32
Global,Dec,1919,-0.26,-0.24,-0.27,-0.32,-0.2,-0.28,-0.41
Global,Feb,1919,-0.26,-0.24,-0.27,-0.32,-0.2,-0.28,-0.23
Global,Jan,1919,-0.26,-0.24,-0.27,-0.32,-0.2,-0.28,-0.2
Global,Jul,1919,-0.26,-0.24,-0.27,-0.32,-0.2,-0.28,-0.28
Global,Jun,1919,-0.26,-0.24,-0.27,-0.32,-0.2,-0.28,-0.35
Global,Mar,1919,-0.26,-0.24,-0.27,-0.32,-0.2,-0.28,-0.21
Global,May,1919,-0.26,-0.24,-0.27,-0.32,-0.2,-0.28,-0.27
Global,Nov,1919,-0.26,-0.24,-0.27,-0.32,-0.2,-0.28,-0.4
Global,Oct,1919,-0.26,-0.24,-0.27,-0.32,-0.2,-0.28,-0.19
Global,Sep,1919,-0.26,-0.24,-0.27,-0.32,-0.2,-0.28,-0.25
Global,Apr,1920,-0.26,-0.3,-0.27,-0.3,-0.2,-0.24,-0.23
Global,Aug,1920,-0.26,-0.3,-0.27,-0.3,-0.2,-0.24,-0.26
Global,Dec,1920,-0.26,-0.3,-0.27,-0.3,-0.2,-0.24,-0.45
Global,Feb,1920,-0.26,-0.3,-0.27,-0.3,-0.2,-0.24,-0.26
Global,Jan,1920,-0.26,-0.3,-0.27,-0.3,-0.2,-0.24,-0.24
Global,Jul,1920,-0.26,-0.3,-0.27,-0.3,-0.2,-0.24,-0.29
Global,Jun,1920,-0.26,-0.3,-0.27,-0.3,-0.2,-0.24,-0.35
Global,Mar,1920,-0.26,-0.3,-0.27,-0.3,-0.2,-0.24,-0.12
Global,May,1920,-0.26,-0.3,-0.27,-0.3,-0.2,-0.24,-0.26
Global,Nov,1920,-0.26,-0.3,-0.27,-0.3,-0.2,-0.24,-0.26
Global,Oct,1920,-0.26,-0.3,-0.27,-0.3,-0.2,-0.24,-0.26
Global,Sep,1920,-0.26,-0.3,-0.27,-0.3,-0.2,-0.24,-0.21
Global,Apr,1921,-0.21,-0.22,-0.18,-0.22,-0.27,-0.11,-0.29
Global,Aug,1921,-0.21,-0.22,-0.18,-0.22,-0.27,-0.11,-0.25
Global,Dec,1921,-0.21,-0.22,-0.18,-0.22,-0.27,-0.11,-0.17
Global,Feb,1921,-0.21,-0.22,-0.18,-0.22,-0.27,-0.11,-0.17
Global,Jan,1921,-0.21,-0.22,-0.18,-0.22,-0.27,-0.11,-0.04
Global,Jul,1921,-0.21,-0.22,-0.18,-0.22,-0.27,-0.11,-0.14
Global,Jun,1921,-0.21,-0.22,-0.18,-0.22,-0.27,-0.11,-0.27
Global,Mar,1921,-0.21,-0.22,-0.18,-0.22,-0.27,-0.11,-0.22
Global,May,1921,-0.21,-0.22,-0.18,-0.22,-0.27,-0.11,-0.3
Global,Nov,1921,-0.21,-0.22,-0.18,-0.22,-0.27,-0.11,-0.13
Global,Oct,1921,-0.21,-0.22,-0.18,-0.22,-0.27,-0.11,-0.03
Global,Sep,1921,-0.21,-0.22,-0.18,-0.22,-0.27,-0.11,-0.19
Global,Apr,1922,-0.28,-0.31,-0.28,-0.3,-0.23,-0.27,-0.22
Global,Aug,1922,-0.28,-0.31,-0.28,-0.3,-0.23,-0.27,-0.32
Global,Dec,1922,-0.28,-0.31,-0.28,-0.3,-0.23,-0.27,-0.18
Global,Feb,1922,-0.28,-0.31,-0.28,-0.3,-0.23,-0.27,-0.44
Global,Jan,1922,-0.28,-0.31,-0.28,-0.3,-0.23,-0.27,-0.32
Global,Jul,1922,-0.28,-0.31,-0.28,-0.3,-0.23,-0.27,-0.27
Global,Jun,1922,-0.28,-0.31,-0.28,-0.3,-0.23,-0.27,-0.3
Global,Mar,1922,-0.28,-0.31,-0.28,-0.3,-0.23,-0.27,-0.14
Global,May,1922,-0.28,-0.31,-0.28,-0.3,-0.23,-0.27,-0.33
Global,Nov,1922,-0.28,-0.31,-0.28,-0.3,-0.23,-0.27,-0.14
Global,Oct,1922,-0.28,-0.31,-0.28,-0.3,-0.23,-0.27,-0.32
Global,Sep,1922,-0.28,-0.31,-0.28,-0.3,-0.23,-0.27,-0.35
Global,Apr,1923,-0.27,-0.28,-0.26,-0.3,-0.35,-0.15,-0.4
Global,Aug,1923,-0.27,-0.28,-0.26,-0.3,-0.35,-0.15,-0.32
Global,Dec,1923,-0.27,-0.28,-0.26,-0.3,-0.35,-0.15,-0.04
Global,Feb,1923,-0.27,-0.28,-0.26,-0.3,-0.35,-0.15,-0.39
Global,Jan,1923,-0.27,-0.28,-0.26,-0.3,-0.35,-0.15,-0.27
Global,Jul,1923,-0.27,-0.28,-0.26,-0.3,-0.35,-0.15,-0.3
Global,Jun,1923,-0.27,-0.28,-0.26,-0.3,-0.35,-0.15,-0.28
Global,Mar,1923,-0.27,-0.28,-0.26,-0.3,-0.35,-0.15,-0.33
Global,May,1923,-0.27,-0.28,-0.26,-0.3,-0.35,-0.15,-0.33
Global,Nov,1923,-0.27,-0.28,-0.26,-0.3,-0.35,-0.15,-0.02
Global,Oct,1923,-0.27,-0.28,-0.26,-0.3,-0.35,-0.15,-0.13
Global,Sep,1923,-0.27,-0.28,-0.26,-0.3,-0.35,-0.15,-0.31
Global,Apr,1924,-0.23,-0.17,-0.27,-0.3,-0.19,-0.29,-0.3
Global,Aug,1924,-0.23,-0.17,-0.27,-0.3,-0.19,-0.29,-0.35
Global,Dec,1924,-0.23,-0.17,-0.27,-0.3,-0.19,-0.29,-0.42
Global,Feb,1924,-0.23,-0.17,-0.27,-0.3,-0.19,-0.29,-0.23
Global,Jan,1924,-0.23,-0.17,-0.27,-0.3,-0.19,-0.29,-0.22
Global,Jul,1924,-0.23,-0.17,-0.27,-0.3,-0.19,-0.29,-0.28
Global,Jun,1924,-0.23,-0.17,-0.27,-0.3,-0.19,-0.29,-0.25
Global,Mar,1924,-0.23,-0.17,-0.27,-0.3,-0.19,-0.29,-0.08
Global,May,1924,-0.23,-0.17,-0.27,-0.3,-0.19,-0.29,-0.18
Global,Nov,1924,-0.23,-0.17,-0.27,-0.3,-0.19,-0.29,-0.2
Global,Oct,1924,-0.23,-0.17,-0.27,-0.3,-0.19,-0.29,-0.35
Global,Sep,1924,-0.23,-0.17,-0.27,-0.3,-0.19,-0.29,-0.32
Global,Apr,1925,-0.26,-0.4,-0.22,-0.26,-0.27,-0.1,-0.25
Global,Aug,1925,-0.26,-0.4,-0.22,-0.26,-0.27,-0.1,-0.19
Global,Dec,1925,-0.26,-0.4,-0.22,-0.26,-0.27,-0.1,0.07
Global,Feb,1925,-0.26,-0.4,-0.22,-0.26,-0.27,-0.1,-0.4
Global,Jan,1925,-0.26,-0.4,-0.22,-0.26,-0.27,-0.1,-0.38
Global,Jul,1925,-0.26,-0.4,-0.22,-0.26,-0.27,-0.1,-0.26
Global,Jun,1925,-0.26,-0.4,-0.22,-0.26,-0.27,-0.1,-0.32
Global,Mar,1925,-0.26,-0.4,-0.22,-0.26,-0.27,-0.1,-0.27
Global,May,1925,-0.26,-0.4,-0.22,-0.26,-0.27,-0.1,-0.28
Global,Nov,1925,-0.26,-0.4,-0.22,-0.26,-0.27,-0.1,0.05
Global,Oct,1925,-0.26,-0.4,-0.22,-0.26,-0.27,-0.1,-0.16
Global,Sep,1925,-0.26,-0.4,-0.22,-0.26,-0.27,-0.1,-0.19
Global,Apr,1926,-0.07,0.1,-0.1,-0.22,-0.08,-0.1,-0.12
Global,Aug,1926,-0.07,0.1,-0.1,-0.22,-0.08,-0.1,-0.13
Global,Dec,1926,-0.07,0.1,-0.1,-0.22,-0.08,-0.1,-0.29
Global,Feb,1926,-0.07,0.1,-0.1,-0.22,-0.08,-0.1,0.03
Global,Jan,1926,-0.07,0.1,-0.1,-0.22,-0.08,-0.1,0.21
Global,Jul,1926,-0.07,0.1,-0.1,-0.22,-0.08,-0.1,-0.27
Global,Jun,1926,-0.07,0.1,-0.1,-0.22,-0.08,-0.1,-0.25
Global,Mar,1926,-0.07,0.1,-0.1,-0.22,-0.08,-0.1,0.11
Global,May,1926,-0.07,0.1,-0.1,-0.22,-0.08,-0.1,-0.23
Global,Nov,1926,-0.07,0.1,-0.1,-0.22,-0.08,-0.1,-0.06
Global,Oct,1926,-0.07,0.1,-0.1,-0.22,-0.08,-0.1,-0.11
Global,Sep,1926,-0.07,0.1,-0.1,-0.22,-0.08,-0.1,-0.14
Global,Apr,1927,-0.21,-0.24,-0.21,-0.23,-0.31,-0.06,-0.3
Global,Aug,1927,-0.21,-0.24,-0.21,-0.23,-0.31,-0.06,-0.24
Global,Dec,1927,-0.21,-0.24,-0.21,-0.23,-0.31,-0.06,-0.33
Global,Feb,1927,-0.21,-0.24,-0.21,-0.23,-0.31,-0.06,-0.18
Global,Jan,1927,-0.21,-0.24,-0.21,-0.23,-0.31,-0.06,-0.27
Global,Jul,1927,-0.21,-0.24,-0.21,-0.23,-0.31,-0.06,-0.18
Global,Jun,1927,-0.21,-0.24,-0.21,-0.23,-0.31,-0.06,-0.27
Global,Mar,1927,-0.21,-0.24,-0.21,-0.23,-0.31,-0.06,-0.38
Global,May,1927,-0.21,-0.24,-0.21,-0.23,-0.31,-0.06,-0.25
Global,Nov,1927,-0.21,-0.24,-0.21,-0.23,-0.31,-0.06,-0.05
Global,Oct,1927,-0.21,-0.24,-0.21,-0.23,-0.31,-0.06,-0.01
Global,Sep,1927,-0.21,-0.24,-0.21,-0.23,-0.31,-0.06,-0.12
Global,Apr,1928,-0.21,-0.14,-0.2,-0.26,-0.27,-0.16,-0.27
Global,Aug,1928,-0.21,-0.14,-0.2,-0.26,-0.27,-0.16,-0.22
Global,Dec,1928,-0.21,-0.14,-0.2,-0.26,-0.27,-0.16,-0.16
Global,Feb,1928,-0.21,-0.14,-0.2,-0.26,-0.27,-0.16,-0.09
Global,Jan,1928,-0.21,-0.14,-0.2,-0.26,-0.27,-0.16,-0.01
Global,Jul,1928,-0.21,-0.14,-0.2,-0.26,-0.27,-0.16,-0.19
Global,Jun,1928,-0.21,-0.14,-0.2,-0.26,-0.27,-0.16,-0.38
Global,Mar,1928,-0.21,-0.14,-0.2,-0.26,-0.27,-0.16,-0.25
Global,May,1928,-0.21,-0.14,-0.2,-0.26,-0.27,-0.16,-0.29
Global,Nov,1928,-0.21,-0.14,-0.2,-0.26,-0.27,-0.16,-0.09
Global,Oct,1928,-0.21,-0.14,-0.2,-0.26,-0.27,-0.16,-0.19
Global,Sep,1928,-0.21,-0.14,-0.2,-0.26,-0.27,-0.16,-0.21
Global,Apr,1929,-0.32,-0.39,-0.36,-0.37,-0.37,-0.16,-0.41
Global,Aug,1929,-0.32,-0.39,-0.36,-0.37,-0.37,-0.16,-0.32
Global,Dec,1929,-0.32,-0.39,-0.36,-0.37,-0.37,-0.16,-0.54
Global,Feb,1929,-0.32,-0.39,-0.36,-0.37,-0.37,-0.16,-0.58
Global,Jan,1929,-0.32,-0.39,-0.36,-0.37,-0.37,-0.16,-0.44
Global,Jul,1929,-0.32,-0.39,-0.36,-0.37,-0.37,-0.16,-0.36
Global,Jun,1929,-0.32,-0.39,-0.36,-0.37,-0.37,-0.16,-0.43
Global,Mar,1929,-0.32,-0.39,-0.36,-0.37,-0.37,-0.16,-0.32
Global,May,1929,-0.32,-0.39,-0.36,-0.37,-0.37,-0.16,-0.38
Global,Nov,1929,-0.32,-0.39,-0.36,-0.37,-0.37,-0.16,-0.1
Global,Oct,1929,-0.32,-0.39,-0.36,-0.37,-0.37,-0.16,-0.14
Global,Sep,1929,-0.32,-0.39,-0.36,-0.37,-0.37,-0.16,-0.25
Global,Apr,1930,-0.2,-0.36,-0.16,-0.19,-0.2,-0.03,-0.25
Global,Aug,1930,-0.2,-0.36,-0.16,-0.19,-0.2,-0.03,-0.15
Global,Dec,1930,-0.2,-0.36,-0.16,-0.19,-0.2,-0.03,-0.05
Global,Feb,1930,-0.2,-0.36,-0.16,-0.19,-0.2,-0.03,-0.26
Global,Jan,1930,-0.2,-0.36,-0.16,-0.19,-0.2,-0.03,-0.29
Global,Jul,1930,-0.2,-0.36,-0.16,-0.19,-0.2,-0.03,-0.21
Global,Jun,1930,-0.2,-0.36,-0.16,-0.19,-0.2,-0.03,-0.22
Global,Mar,1930,-0.2,-0.36,-0.16,-0.19,-0.2,-0.03,-0.1
Global,May,1930,-0.2,-0.36,-0.16,-0.19,-0.2,-0.03,-0.24
Global,Nov,1930,-0.2,-0.36,-0.16,-0.19,-0.2,-0.03,0.18
Global,Oct,1930,-0.2,-0.36,-0.16,-0.19,-0.2,-0.03,-0.12
Global,Sep,1930,-0.2,-0.36,-0.16,-0.19,-0.2,-0.03,-0.15
Global,Apr,1931,-0.09,-0.12,-0.09,-0.05,-0.17,-0.02,-0.23
Global,Aug,1931,-0.09,-0.12,-0.09,-0.05,-0.17,-0.02,-0.04
Global,Dec,1931,-0.09,-0.12,-0.09,-0.05,-0.17,-0.02,-0.05
Global,Feb,1931,-0.09,-0.12,-0.09,-0.05,-0.17,-0.02,-0.21
Global,Jan,1931,-0.09,-0.12,-0.09,-0.05,-0.17,-0.02,-0.1
Global,Jul,1931,-0.09,-0.12,-0.09,-0.05,-0.17,-0.02,-0.03
Global,Jun,1931,-0.09,-0.12,-0.09,-0.05,-0.17,-0.02,-0.08
Global,Mar,1931,-0.09,-0.12,-0.09,-0.05,-0.17,-0.02,-0.1
Global,May,1931,-0.09,-0.12,-0.09,-0.05,-0.17,-0.02,-0.19
Global,Nov,1931,-0.09,-0.12,-0.09,-0.05,-0.17,-0.02,-0.05
Global,Oct,1931,-0.09,-0.12,-0.09,-0.05,-0.17,-0.02,0.05
Global,Sep,1931,-0.09,-0.12,-0.09,-0.05,-0.17,-0.02,-0.07
Global,Apr,1932,-0.14,-0.02,-0.16,-0.25,-0.14,-0.16,-0.06
Global,Aug,1932,-0.14,-0.02,-0.16,-0.25,-0.14,-0.16,-0.22
Global,Dec,1932,-0.14,-0.02,-0.16,-0.25,-0.14,-0.16,-0.26
Global,Feb,1932,-0.14,-0.02,-0.16,-0.25,-0.14,-0.16,-0.17
Global,Jan,1932,-0.14,-0.02,-0.16,-0.25,-0.14,-0.16,0.15
Global,Jul,1932,-0.14,-0.02,-0.16,-0.25,-0.14,-0.16,-0.25
Global,Jun,1932,-0.14,-0.02,-0.16,-0.25,-0.14,-0.16,-0.29
Global,Mar,1932,-0.14,-0.02,-0.16,-0.25,-0.14,-0.16,-0.18
Global,May,1932,-0.14,-0.02,-0.16,-0.25,-0.14,-0.16,-0.17
Global,Nov,1932,-0.14,-0.02,-0.16,-0.25,-0.14,-0.16,-0.27
Global,Oct,1932,-0.14,-0.02,-0.16,-0.25,-0.14,-0.16,-0.09
Global,Sep,1932,-0.14,-0.02,-0.16,-0.25,-0.14,-0.16,-0.11
Global,Apr,1933,-0.27,-0.26,-0.29,-0.26,-0.27,-0.28,-0.24
Global,Aug,1933,-0.27,-0.26,-0.29,-0.26,-0.27,-0.28,-0.24
Global,Dec,1933,-0.27,-0.26,-0.29,-0.26,-0.27,-0.28,-0.44
Global,Feb,1933,-0.27,-0.26,-0.29,-0.26,-0.27,-0.28,-0.29
Global,Jan,1933,-0.27,-0.26,-0.29,-0.26,-0.27,-0.28,-0.23
Global,Jul,1933,-0.27,-0.26,-0.29,-0.26,-0.27,-0.28,-0.21
Global,Jun,1933,-0.27,-0.26,-0.29,-0.26,-0.27,-0.28,-0.34
Global,Mar,1933,-0.27,-0.26,-0.29,-0.26,-0.27,-0.28,-0.3
Global,May,1933,-0.27,-0.26,-0.29,-0.26,-0.27,-0.28,-0.29
Global,Nov,1933,-0.27,-0.26,-0.29,-0.26,-0.27,-0.28,-0.31
Global,Oct,1933,-0.27,-0.26,-0.29,-0.26,-0.27,-0.28,-0.25
Global,Sep,1933,-0.27,-0.26,-0.29,-0.26,-0.27,-0.28,-0.29
Global,Apr,1934,-0.16,-0.23,-0.12,-0.12,-0.23,-0.06,-0.3
Global,Aug,1934,-0.16,-0.23,-0.12,-0.12,-0.23,-0.06,-0.12
Global,Dec,1934,-0.16,-0.23,-0.12,-0.12,-0.23,-0.06,-0.02
Global,Feb,1934,-0.16,-0.23,-0.12,-0.12,-0.23,-0.06,-0.02
Global,Jan,1934,-0.16,-0.23,-0.12,-0.12,-0.23,-0.06,-0.21
Global,Jul,1934,-0.16,-0.23,-0.12,-0.12,-0.23,-0.06,-0.1
Global,Jun,1934,-0.16,-0.23,-0.12,-0.12,-0.23,-0.06,-0.14
Global,Mar,1934,-0.16,-0.23,-0.12,-0.12,-0.23,-0.06,-0.29
Global,May,1934,-0.16,-0.23,-0.12,-0.12,-0.23,-0.06,-0.09
Global,Nov,1934,-0.16,-0.23,-0.12,-0.12,-0.23,-0.06,0.04
Global,Oct,1934,-0.16,-0.23,-0.12,-0.12,-0.23,-0.06,-0.07
Global,Sep,1934,-0.16,-0.23,-0.12,-0.12,-0.23,-0.06,-0.15
Global,Apr,1935,-0.19,-0.07,-0.2,-0.23,-0.26,-0.18,-0.36
Global,Aug,1935,-0.19,-0.07,-0.2,-0.23,-0.26,-0.18,-0.21
Global,Dec,1935,-0.19,-0.07,-0.2,-0.23,-0.26,-0.18,-0.17
Global,Feb,1935,-0.19,-0.07,-0.2,-0.23,-0.26,-0.18,0.14
Global,Jan,1935,-0.19,-0.07,-0.2,-0.23,-0.26,-0.18,-0.33
Global,Jul,1935,-0.19,-0.07,-0.2,-0.23,-0.26,-0.18,-0.21
Global,Jun,1935,-0.19,-0.07,-0.2,-0.23,-0.26,-0.18,-0.27
Global,Mar,1935,-0.19,-0.07,-0.2,-0.23,-0.26,-0.18,-0.14
Global,May,1935,-0.19,-0.07,-0.2,-0.23,-0.26,-0.18,-0.29
Global,Nov,1935,-0.19,-0.07,-0.2,-0.23,-0.26,-0.18,-0.26
Global,Oct,1935,-0.19,-0.07,-0.2,-0.23,-0.26,-0.18,-0.06
Global,Sep,1935,-0.19,-0.07,-0.2,-0.23,-0.26,-0.18,-0.21
Global,Apr,1936,-0.16,-0.27,-0.15,-0.15,-0.19,-0.03,-0.2
Global,Aug,1936,-0.16,-0.27,-0.15,-0.15,-0.19,-0.03,-0.13
Global,Dec,1936,-0.16,-0.27,-0.15,-0.15,-0.19,-0.03,-0.01
Global,Feb,1936,-0.16,-0.27,-0.15,-0.15,-0.19,-0.03,-0.38
Global,Jan,1936,-0.16,-0.27,-0.15,-0.15,-0.19,-0.03,-0.27
Global,Jul,1936,-0.16,-0.27,-0.15,-0.15,-0.19,-0.03,-0.1
Global,Jun,1936,-0.16,-0.27,-0.15,-0.15,-0.19,-0.03,-0.21
Global,Mar,1936,-0.16,-0.27,-0.15,-0.15,-0.19,-0.03,-0.21
Global,May,1936,-0.16,-0.27,-0.15,-0.15,-0.19,-0.03,-0.16
Global,Nov,1936,-0.16,-0.27,-0.15,-0.15,-0.19,-0.03,0.01
Global,Oct,1936,-0.16,-0.27,-0.15,-0.15,-0.19,-0.03,-0.03
Global,Sep,1936,-0.16,-0.27,-0.15,-0.15,-0.19,-0.03,-0.09
Global,Apr,1937,-0.02,-0.01,-0.03,-0.02,-0.13,0.09,-0.15
Global,Aug,1937,-0.02,-0.01,-0.03,-0.02,-0.13,0.09,0.02
Global,Dec,1937,-0.02,-0.01,-0.03,-0.02,-0.13,0.09,-0.07
Global,Feb,1937,-0.02,-0.01,-0.03,-0.02,-0.13,0.09,0.03
Global,Jan,1937,-0.02,-0.01,-0.03,-0.02,-0.13,0.09,-0.07
Global,Jul,1937,-0.02,-0.01,-0.03,-0.02,-0.13,0.09,-0.03
Global,Jun,1937,-0.02,-0.01,-0.03,-0.02,-0.13,0.09,-0.05
Global,Mar,1937,-0.02,-0.01,-0.03,-0.02,-0.13,0.09,-0.2
Global,May,1937,-0.02,-0.01,-0.03,-0.02,-0.13,0.09,-0.05
Global,Nov,1937,-0.02,-0.01,-0.03,-0.02,-0.13,0.09,0.08
Global,Oct,1937,-0.02,-0.01,-0.03,-0.02,-0.13,0.09,0.09
Global,Sep,1937,-0.02,-0.01,-0.03,-0.02,-0.13,0.09,0.09
Global,Apr,1938,0,0.02,0,-0.1,0.02,0.08,0.06
Global,Aug,1938,0,0.02,0,-0.1,0.02,0.08,-0.05
Global,Dec,1938,0,0.02,0,-0.1,0.02,0.08,-0.12
Global,Feb,1938,0,0.02,0,-0.1,0.02,0.08,0.03
Global,Jan,1938,0,0.02,0,-0.1,0.02,0.08,0.08
Global,Jul,1938,0,0.02,0,-0.1,0.02,0.08,-0.09
Global,Jun,1938,0,0.02,0,-0.1,0.02,0.08,-0.17
Global,Mar,1938,0,0.02,0,-0.1,0.02,0.08,0.09
Global,May,1938,0,0.02,0,-0.1,0.02,0.08,-0.09
Global,Nov,1938,0,0.02,0,-0.1,0.02,0.08,0.08
Global,Oct,1938,0,0.02,0,-0.1,0.02,0.08,0.15
Global,Sep,1938,0,0.02,0,-0.1,0.02,0.08,0
Global,Apr,1939,-0.06,-0.08,-0.02,-0.06,-0.1,-0.01,-0.09
Global,Aug,1939,-0.06,-0.08,-0.02,-0.06,-0.1,-0.01,-0.06
Global,Dec,1939,-0.06,-0.08,-0.02,-0.06,-0.1,-0.01,0.44
Global,Feb,1939,-0.06,-0.08,-0.02,-0.06,-0.1,-0.01,-0.07
Global,Jan,1939,-0.06,-0.08,-0.02,-0.06,-0.1,-0.01,-0.05
Global,Jul,1939,-0.06,-0.08,-0.02,-0.06,-0.1,-0.01,-0.06
Global,Jun,1939,-0.06,-0.08,-0.02,-0.06,-0.1,-0.01,-0.07
Global,Mar,1939,-0.06,-0.08,-0.02,-0.06,-0.1,-0.01,-0.18
Global,May,1939,-0.06,-0.08,-0.02,-0.06,-0.1,-0.01,-0.04
Global,Nov,1939,-0.06,-0.08,-0.02,-0.06,-0.1,-0.01,0.07
Global,Oct,1939,-0.06,-0.08,-0.02,-0.06,-0.1,-0.01,-0.04
Global,Sep,1939,-0.06,-0.08,-0.02,-0.06,-0.1,-0.01,-0.07
Global,Apr,1940,0.14,0.17,0.13,0.1,0.13,0.14,0.17
Global,Aug,1940,0.14,0.17,0.13,0.1,0.13,0.14,0.07
Global,Dec,1940,0.14,0.17,0.13,0.1,0.13,0.14,0.32
Global,Feb,1940,0.14,0.17,0.13,0.1,0.13,0.14,0.08
Global,Jan,1940,0.14,0.17,0.13,0.1,0.13,0.14,0
Global,Jul,1940,0.14,0.17,0.13,0.1,0.13,0.14,0.12
Global,Jun,1940,0.14,0.17,0.13,0.1,0.13,0.14,0.11
Global,Mar,1940,0.14,0.17,0.13,0.1,0.13,0.14,0.09
Global,May,1940,0.14,0.17,0.13,0.1,0.13,0.14,0.11
Global,Nov,1940,0.14,0.17,0.13,0.1,0.13,0.14,0.17
Global,Oct,1940,0.14,0.17,0.13,0.1,0.13,0.14,0.11
Global,Sep,1940,0.14,0.17,0.13,0.1,0.13,0.14,0.15
Global,Apr,1941,0.19,0.27,0.18,0.16,0.14,0.2,0.16
Global,Aug,1941,0.19,0.27,0.18,0.16,0.14,0.2,0.15
Global,Dec,1941,0.19,0.27,0.18,0.16,0.14,0.2,0.21
Global,Feb,1941,0.19,0.27,0.18,0.16,0.14,0.2,0.31
Global,Jan,1941,0.19,0.27,0.18,0.16,0.14,0.2,0.18
Global,Jul,1941,0.19,0.27,0.18,0.16,0.14,0.2,0.22
Global,Jun,1941,0.19,0.27,0.18,0.16,0.14,0.2,0.13
Global,Mar,1941,0.19,0.27,0.18,0.16,0.14,0.2,0.1
Global,May,1941,0.19,0.27,0.18,0.16,0.14,0.2,0.17
Global,Nov,1941,0.19,0.27,0.18,0.16,0.14,0.2,0.22
Global,Oct,1941,0.19,0.27,0.18,0.16,0.14,0.2,0.35
Global,Sep,1941,0.19,0.27,0.18,0.16,0.14,0.2,0.02
Global,Apr,1942,0.07,0.18,0.07,0,0.08,0.03,0.09
Global,Aug,1942,0.07,0.18,0.07,0,0.08,0.03,-0.04
Global,Dec,1942,0.07,0.18,0.07,0,0.08,0.03,0.13
Global,Feb,1942,0.07,0.18,0.07,0,0.08,0.03,0.02
Global,Jan,1942,0.07,0.18,0.07,0,0.08,0.03,0.29
Global,Jul,1942,0.07,0.18,0.07,0,0.08,0.03,0
Global,Jun,1942,0.07,0.18,0.07,0,0.08,0.03,0.05
Global,Mar,1942,0.07,0.18,0.07,0,0.08,0.03,0.05
Global,May,1942,0.07,0.18,0.07,0,0.08,0.03,0.11
Global,Nov,1942,0.07,0.18,0.07,0,0.08,0.03,0.1
Global,Oct,1942,0.07,0.18,0.07,0,0.08,0.03,0.01
Global,Sep,1942,0.07,0.18,0.07,0,0.08,0.03,-0.03
Global,Apr,1943,0.08,0.1,0.09,0.01,0.05,0.16,0.11
Global,Aug,1943,0.08,0.1,0.09,0.01,0.05,0.16,0.01
Global,Dec,1943,0.08,0.1,0.09,0.01,0.05,0.16,0.24
Global,Feb,1943,0.08,0.1,0.09,0.01,0.05,0.16,0.17
Global,Jan,1943,0.08,0.1,0.09,0.01,0.05,0.16,-0.01
Global,Jul,1943,0.08,0.1,0.09,0.01,0.05,0.16,0.08
Global,Jun,1943,0.08,0.1,0.09,0.01,0.05,0.16,-0.05
Global,Mar,1943,0.08,0.1,0.09,0.01,0.05,0.16,-0.04
Global,May,1943,0.08,0.1,0.09,0.01,0.05,0.16,0.07
Global,Nov,1943,0.08,0.1,0.09,0.01,0.05,0.16,0.2
Global,Oct,1943,0.08,0.1,0.09,0.01,0.05,0.16,0.23
Global,Sep,1943,0.08,0.1,0.09,0.01,0.05,0.16,0.05
Global,Apr,1944,0.22,0.28,0.2,0.17,0.21,0.22,0.19
Global,Aug,1944,0.22,0.28,0.2,0.17,0.21,0.22,0.18
Global,Dec,1944,0.22,0.28,0.2,0.17,0.21,0.22,0.04
Global,Feb,1944,0.22,0.28,0.2,0.17,0.21,0.22,0.24
Global,Jan,1944,0.22,0.28,0.2,0.17,0.21,0.22,0.36
Global,Jul,1944,0.22,0.28,0.2,0.17,0.21,0.22,0.18
Global,Jun,1944,0.22,0.28,0.2,0.17,0.21,0.22,0.15
Global,Mar,1944,0.22,0.28,0.2,0.17,0.21,0.22,0.26
Global,May,1944,0.22,0.28,0.2,0.17,0.21,0.22,0.19
Global,Nov,1944,0.22,0.28,0.2,0.17,0.21,0.22,0.11
Global,Oct,1944,0.22,0.28,0.2,0.17,0.21,0.22,0.26
Global,Sep,1944,0.22,0.28,0.2,0.17,0.21,0.22,0.28
Global,Apr,1945,0.1,0.05,0.09,0.1,0.1,0.15,0.19
Global,Aug,1945,0.1,0.05,0.09,0.1,0.1,0.15,0.26
Global,Dec,1945,0.1,0.05,0.09,0.1,0.1,0.15,-0.07
Global,Feb,1945,0.1,0.05,0.09,0.1,0.1,0.15,0
Global,Jan,1945,0.1,0.05,0.09,0.1,0.1,0.15,0.1
Global,Jul,1945,0.1,0.05,0.09,0.1,0.1,0.15,0.03
Global,Jun,1945,0.1,0.05,0.09,0.1,0.1,0.15,0
Global,Mar,1945,0.1,0.05,0.09,0.1,0.1,0.15,0.06
Global,May,1945,0.1,0.05,0.09,0.1,0.1,0.15,0.06
Global,Nov,1945,0.1,0.05,0.09,0.1,0.1,0.15,0.07
Global,Oct,1945,0.1,0.05,0.09,0.1,0.1,0.15,0.18
Global,Sep,1945,0.1,0.05,0.09,0.1,0.1,0.15,0.2
Global,Apr,1946,-0.05,0.03,-0.07,-0.18,0,-0.07,0.05
Global,Aug,1946,-0.05,0.03,-0.07,-0.18,0,-0.07,-0.2
Global,Dec,1946,-0.05,0.03,-0.07,-0.18,0,-0.07,-0.31
Global,Feb,1946,-0.05,0.03,-0.07,-0.18,0,-0.07,0.02
Global,Jan,1946,-0.05,0.03,-0.07,-0.18,0,-0.07,0.15
Global,Jul,1946,-0.05,0.03,-0.07,-0.18,0,-0.07,-0.12
Global,Jun,1946,-0.05,0.03,-0.07,-0.18,0,-0.07,-0.21
Global,Mar,1946,-0.05,0.03,-0.07,-0.18,0,-0.07,0.01
Global,May,1946,-0.05,0.03,-0.07,-0.18,0,-0.07,-0.07
Global,Nov,1946,-0.05,0.03,-0.07,-0.18,0,-0.07,-0.05
Global,Oct,1946,-0.05,0.03,-0.07,-0.18,0,-0.07,-0.08
Global,Sep,1946,-0.05,0.03,-0.07,-0.18,0,-0.07,-0.08
Global,Apr,1947,-0.04,-0.15,-0.03,-0.04,0.03,-0.01,0.06
Global,Aug,1947,-0.04,-0.15,-0.03,-0.04,0.03,-0.01,-0.07
Global,Dec,1947,-0.04,-0.15,-0.03,-0.04,0.03,-0.01,-0.13
Global,Feb,1947,-0.04,-0.15,-0.03,-0.04,0.03,-0.01,-0.08
Global,Jan,1947,-0.04,-0.15,-0.03,-0.04,0.03,-0.01,-0.07
Global,Jul,1947,-0.04,-0.15,-0.03,-0.04,0.03,-0.01,-0.04
Global,Jun,1947,-0.04,-0.15,-0.03,-0.04,0.03,-0.01,-0.02
Global,Mar,1947,-0.04,-0.15,-0.03,-0.04,0.03,-0.01,0.06
Global,May,1947,-0.04,-0.15,-0.03,-0.04,0.03,-0.01,-0.02
Global,Nov,1947,-0.04,-0.15,-0.03,-0.04,0.03,-0.01,0.03
Global,Oct,1947,-0.04,-0.15,-0.03,-0.04,0.03,-0.01,0.07
Global,Sep,1947,-0.04,-0.15,-0.03,-0.04,0.03,-0.01,-0.12
Global,Apr,1948,-0.1,-0.07,-0.11,-0.09,-0.12,-0.11,-0.12
Global,Aug,1948,-0.1,-0.07,-0.11,-0.09,-0.12,-0.11,-0.12
Global,Dec,1948,-0.1,-0.07,-0.11,-0.09,-0.12,-0.11,-0.23
Global,Feb,1948,-0.1,-0.07,-0.11,-0.09,-0.12,-0.11,-0.15
Global,Jan,1948,-0.1,-0.07,-0.11,-0.09,-0.12,-0.11,0.06
Global,Jul,1948,-0.1,-0.07,-0.11,-0.09,-0.12,-0.11,-0.11
Global,Jun,1948,-0.1,-0.07,-0.11,-0.09,-0.12,-0.11,-0.05
Global,Mar,1948,-0.1,-0.07,-0.11,-0.09,-0.12,-0.11,-0.24
Global,May,1948,-0.1,-0.07,-0.11,-0.09,-0.12,-0.11,-0.01
Global,Nov,1948,-0.1,-0.07,-0.11,-0.09,-0.12,-0.11,-0.12
Global,Oct,1948,-0.1,-0.07,-0.11,-0.09,-0.12,-0.11,-0.05
Global,Sep,1948,-0.1,-0.07,-0.11,-0.09,-0.12,-0.11,-0.14
Global,Apr,1949,-0.11,-0.1,-0.11,-0.18,-0.08,-0.1,-0.11
Global,Aug,1949,-0.11,-0.1,-0.11,-0.18,-0.08,-0.1,-0.13
Global,Dec,1949,-0.11,-0.1,-0.11,-0.18,-0.08,-0.1,-0.18
Global,Feb,1949,-0.11,-0.1,-0.11,-0.18,-0.08,-0.1,-0.14
Global,Jan,1949,-0.11,-0.1,-0.11,-0.18,-0.08,-0.1,0.07
Global,Jul,1949,-0.11,-0.1,-0.11,-0.18,-0.08,-0.1,-0.13
Global,Jun,1949,-0.11,-0.1,-0.11,-0.18,-0.08,-0.1,-0.27
Global,Mar,1949,-0.11,-0.1,-0.11,-0.18,-0.08,-0.1,-0.02
Global,May,1949,-0.11,-0.1,-0.11,-0.18,-0.08,-0.1,-0.1
Global,Nov,1949,-0.11,-0.1,-0.11,-0.18,-0.08,-0.1,-0.1
Global,Oct,1949,-0.11,-0.1,-0.11,-0.18,-0.08,-0.1,-0.06
Global,Sep,1949,-0.11,-0.1,-0.11,-0.18,-0.08,-0.1,-0.14
Global,Apr,1950,-0.17,-0.23,-0.17,-0.1,-0.13,-0.22,-0.21
Global,Aug,1950,-0.17,-0.23,-0.17,-0.1,-0.13,-0.22,-0.16
Global,Dec,1950,-0.17,-0.23,-0.17,-0.1,-0.13,-0.22,-0.21
Global,Feb,1950,-0.17,-0.23,-0.17,-0.1,-0.13,-0.22,-0.27
Global,Jan,1950,-0.17,-0.23,-0.17,-0.1,-0.13,-0.22,-0.26
Global,Jul,1950,-0.17,-0.23,-0.17,-0.1,-0.13,-0.22,-0.09
Global,Jun,1950,-0.17,-0.23,-0.17,-0.1,-0.13,-0.22,-0.05
Global,Mar,1950,-0.17,-0.23,-0.17,-0.1,-0.13,-0.22,-0.08
Global,May,1950,-0.17,-0.23,-0.17,-0.1,-0.13,-0.22,-0.11
Global,Nov,1950,-0.17,-0.23,-0.17,-0.1,-0.13,-0.22,-0.34
Global,Oct,1950,-0.17,-0.23,-0.17,-0.1,-0.13,-0.22,-0.2
Global,Sep,1950,-0.17,-0.23,-0.17,-0.1,-0.13,-0.22,-0.11
Global,Apr,1951,-0.1,-0.32,-0.07,-0.01,-0.12,0.04,-0.14
Global,Aug,1951,-0.1,-0.32,-0.07,-0.01,-0.12,0.04,0.06
Global,Dec,1951,-0.1,-0.32,-0.07,-0.01,-0.12,0.04,0.16
Global,Feb,1951,-0.1,-0.32,-0.07,-0.01,-0.12,0.04,-0.41
Global,Jan,1951,-0.1,-0.32,-0.07,-0.01,-0.12,0.04,-0.34
Global,Jul,1951,-0.1,-0.32,-0.07,-0.01,-0.12,0.04,-0.01
Global,Jun,1951,-0.1,-0.32,-0.07,-0.01,-0.12,0.04,-0.07
Global,Mar,1951,-0.1,-0.32,-0.07,-0.01,-0.12,0.04,-0.2
Global,May,1951,-0.1,-0.32,-0.07,-0.01,-0.12,0.04,0
Global,Nov,1951,-0.1,-0.32,-0.07,-0.01,-0.12,0.04,-0.01
Global,Oct,1951,-0.1,-0.32,-0.07,-0.01,-0.12,0.04,0.08
Global,Sep,1951,-0.1,-0.32,-0.07,-0.01,-0.12,0.04,0.05
Global,Apr,1952,0.03,0.13,0.01,0.02,-0.02,-0.02,0.03
Global,Aug,1952,0.03,0.13,0.01,0.02,-0.02,-0.02,0.05
Global,Dec,1952,0.03,0.13,0.01,0.02,-0.02,-0.02,-0.02
Global,Feb,1952,0.03,0.13,0.01,0.02,-0.02,-0.02,0.11
Global,Jan,1952,0.03,0.13,0.01,0.02,-0.02,-0.02,0.12
Global,Jul,1952,0.03,0.13,0.01,0.02,-0.02,-0.02,0.04
Global,Jun,1952,0.03,0.13,0.01,0.02,-0.02,-0.02,-0.03
Global,Mar,1952,0.03,0.13,0.01,0.02,-0.02,-0.02,-0.08
Global,May,1952,0.03,0.13,0.01,0.02,-0.02,-0.02,-0.03
Global,Nov,1952,0.03,0.13,0.01,0.02,-0.02,-0.02,-0.13
Global,Oct,1952,0.03,0.13,0.01,0.02,-0.02,-0.02,0
Global,Sep,1952,0.03,0.13,0.01,0.02,-0.02,-0.02,0.07
Global,Apr,1953,0.07,0.07,0.08,0.06,0.14,0.03,0.19
Global,Aug,1953,0.07,0.07,0.08,0.06,0.14,0.03,0.05
Global,Dec,1953,0.07,0.07,0.08,0.06,0.14,0.03,0.05
Global,Feb,1953,0.07,0.07,0.08,0.06,0.14,0.03,0.15
Global,Jan,1953,0.07,0.07,0.08,0.06,0.14,0.03,0.07
Global,Jul,1953,0.07,0.07,0.08,0.06,0.14,0.03,0.01
Global,Jun,1953,0.07,0.07,0.08,0.06,0.14,0.03,0.12
Global,Mar,1953,0.07,0.07,0.08,0.06,0.14,0.03,0.11
Global,May,1953,0.07,0.07,0.08,0.06,0.14,0.03,0.11
Global,Nov,1953,0.07,0.07,0.08,0.06,0.14,0.03,-0.03
Global,Oct,1953,0.07,0.07,0.08,0.06,0.14,0.03,0.08
Global,Sep,1953,0.07,0.07,0.08,0.06,0.14,0.03,0.04
Global,Apr,1954,-0.11,-0.1,-0.13,-0.18,-0.16,-0.01,-0.14
Global,Aug,1954,-0.11,-0.1,-0.13,-0.18,-0.16,-0.01,-0.17
Global,Dec,1954,-0.11,-0.1,-0.13,-0.18,-0.16,-0.01,-0.18
Global,Feb,1954,-0.11,-0.1,-0.13,-0.18,-0.16,-0.01,-0.1
Global,Jan,1954,-0.11,-0.1,-0.13,-0.18,-0.16,-0.01,-0.24
Global,Jul,1954,-0.11,-0.1,-0.13,-0.18,-0.16,-0.01,-0.19
Global,Jun,1954,-0.11,-0.1,-0.13,-0.18,-0.16,-0.01,-0.18
Global,Mar,1954,-0.11,-0.1,-0.13,-0.18,-0.16,-0.01,-0.15
Global,May,1954,-0.11,-0.1,-0.13,-0.18,-0.16,-0.01,-0.2
Global,Nov,1954,-0.11,-0.1,-0.13,-0.18,-0.16,-0.01,0.08
Global,Oct,1954,-0.11,-0.1,-0.13,-0.18,-0.16,-0.01,-0.02
Global,Sep,1954,-0.11,-0.1,-0.13,-0.18,-0.16,-0.01,-0.1
Global,Apr,1955,-0.13,-0.07,-0.14,-0.08,-0.25,-0.14,-0.22
Global,Aug,1955,-0.13,-0.07,-0.14,-0.08,-0.25,-0.14,0.02
Global,Dec,1955,-0.13,-0.07,-0.14,-0.08,-0.25,-0.14,-0.28
Global,Feb,1955,-0.13,-0.07,-0.14,-0.08,-0.25,-0.14,-0.16
Global,Jan,1955,-0.13,-0.07,-0.14,-0.08,-0.25,-0.14,0.13
Global,Jul,1955,-0.13,-0.07,-0.14,-0.08,-0.25,-0.14,-0.11
Global,Jun,1955,-0.13,-0.07,-0.14,-0.08,-0.25,-0.14,-0.14
Global,Mar,1955,-0.13,-0.07,-0.14,-0.08,-0.25,-0.14,-0.32
Global,May,1955,-0.13,-0.07,-0.14,-0.08,-0.25,-0.14,-0.2
Global,Nov,1955,-0.13,-0.07,-0.14,-0.08,-0.25,-0.14,-0.25
Global,Oct,1955,-0.13,-0.07,-0.14,-0.08,-0.25,-0.14,-0.05
Global,Sep,1955,-0.13,-0.07,-0.14,-0.08,-0.25,-0.14,-0.11
Global,Apr,1956,-0.21,-0.22,-0.19,-0.17,-0.26,-0.19,-0.27
Global,Aug,1956,-0.21,-0.22,-0.19,-0.17,-0.26,-0.19,-0.26
Global,Dec,1956,-0.21,-0.22,-0.19,-0.17,-0.26,-0.19,-0.06
Global,Feb,1956,-0.21,-0.22,-0.19,-0.17,-0.26,-0.19,-0.24
Global,Jan,1956,-0.21,-0.22,-0.19,-0.17,-0.26,-0.19,-0.12
Global,Jul,1956,-0.21,-0.22,-0.19,-0.17,-0.26,-0.19,-0.09
Global,Jun,1956,-0.21,-0.22,-0.19,-0.17,-0.26,-0.19,-0.16
Global,Mar,1956,-0.21,-0.22,-0.19,-0.17,-0.26,-0.19,-0.21
Global,May,1956,-0.21,-0.22,-0.19,-0.17,-0.26,-0.19,-0.29
Global,Nov,1956,-0.21,-0.22,-0.19,-0.17,-0.26,-0.19,-0.15
Global,Oct,1956,-0.21,-0.22,-0.19,-0.17,-0.26,-0.19,-0.23
Global,Sep,1956,-0.21,-0.22,-0.19,-0.17,-0.26,-0.19,-0.19
Global,Apr,1957,0.03,-0.06,0.05,0.11,0.01,0.06,0
Global,Aug,1957,0.03,-0.06,0.05,0.11,0.01,0.06,0.15
Global,Dec,1957,0.03,-0.06,0.05,0.11,0.01,0.06,0.15
Global,Feb,1957,0.03,-0.06,0.05,0.11,0.01,0.06,-0.03
Global,Jan,1957,0.03,-0.06,0.05,0.11,0.01,0.06,-0.09
Global,Jul,1957,0.03,-0.06,0.05,0.11,0.01,0.06,0.02
Global,Jun,1957,0.03,-0.06,0.05,0.11,0.01,0.06,0.15
Global,Mar,1957,0.03,-0.06,0.05,0.11,0.01,0.06,-0.05
Global,May,1957,0.03,-0.06,0.05,0.11,0.01,0.06,0.09
Global,Nov,1957,0.03,-0.06,0.05,0.11,0.01,0.06,0.08
Global,Oct,1957,0.03,-0.06,0.05,0.11,0.01,0.06,0.01
Global,Sep,1957,0.03,-0.06,0.05,0.11,0.01,0.06,0.09
Global,Apr,1958,0.07,0.25,0.06,-0.03,0.05,0.01,0.01
Global,Aug,1958,0.07,0.25,0.06,-0.03,0.05,0.01,-0.05
Global,Dec,1958,0.07,0.25,0.06,-0.03,0.05,0.01,0.01
Global,Feb,1958,0.07,0.25,0.06,-0.03,0.05,0.01,0.22
Global,Jan,1958,0.07,0.25,0.06,-0.03,0.05,0.01,0.39
Global,Jul,1958,0.07,0.25,0.06,-0.03,0.05,0.01,0.05
Global,Jun,1958,0.07,0.25,0.06,-0.03,0.05,0.01,-0.09
Global,Mar,1958,0.07,0.25,0.06,-0.03,0.05,0.01,0.08
Global,May,1958,0.07,0.25,0.06,-0.03,0.05,0.01,0.06
Global,Nov,1958,0.07,0.25,0.06,-0.03,0.05,0.01,0.02
Global,Oct,1958,0.07,0.25,0.06,-0.03,0.05,0.01,0.04
Global,Sep,1958,0.07,0.25,0.06,-0.03,0.05,0.01,-0.02
Global,Apr,1959,0.03,0.05,0.03,0.02,0.13,-0.07,0.16
Global,Aug,1959,0.03,0.05,0.03,0.02,0.13,-0.07,-0.01
Global,Dec,1959,0.03,0.05,0.03,0.02,0.13,-0.07,-0.01
Global,Feb,1959,0.03,0.05,0.03,0.02,0.13,-0.07,0.07
Global,Jan,1959,0.03,0.05,0.03,0.02,0.13,-0.07,0.08
Global,Jul,1959,0.03,0.05,0.03,0.02,0.13,-0.07,0.03
Global,Jun,1959,0.03,0.05,0.03,0.02,0.13,-0.07,0.03
Global,Mar,1959,0.03,0.05,0.03,0.02,0.13,-0.07,0.18
Global,May,1959,0.03,0.05,0.03,0.02,0.13,-0.07,0.04
Global,Nov,1959,0.03,0.05,0.03,0.02,0.13,-0.07,-0.08
Global,Oct,1959,0.03,0.05,0.03,0.02,0.13,-0.07,-0.07
Global,Sep,1959,0.03,0.05,0.03,0.02,0.13,-0.07,-0.06
Global,Apr,1960,-0.04,0.04,-0.03,-0.02,-0.19,0,-0.15
Global,Aug,1960,-0.04,0.04,-0.03,-0.02,-0.19,0,0.02
Global,Dec,1960,-0.04,0.04,-0.03,-0.02,-0.19,0,0.19
Global,Feb,1960,-0.04,0.04,-0.03,-0.02,-0.19,0,0.13
Global,Jan,1960,-0.04,0.04,-0.03,-0.02,-0.19,0,0
Global,Jul,1960,-0.04,0.04,-0.03,-0.02,-0.19,0,-0.04
Global,Jun,1960,-0.04,0.04,-0.03,-0.02,-0.19,0,-0.04
Global,Mar,1960,-0.04,0.04,-0.03,-0.02,-0.19,0,-0.35
Global,May,1960,-0.04,0.04,-0.03,-0.02,-0.19,0,-0.08
Global,Nov,1960,-0.04,0.04,-0.03,-0.02,-0.19,0,-0.11
Global,Oct,1960,-0.04,0.04,-0.03,-0.02,-0.19,0,0.06
Global,Sep,1960,-0.04,0.04,-0.03,-0.02,-0.19,0,0.07
Global,Apr,1961,0.09,0.15,0.06,0.04,0.11,0.04,0.13
Global,Aug,1961,0.09,0.15,0.06,0.04,0.11,0.04,0.01
Global,Dec,1961,0.09,0.15,0.06,0.04,0.11,0.04,-0.16
Global,Feb,1961,0.09,0.15,0.06,0.04,0.11,0.04,0.19
Global,Jan,1961,0.09,0.15,0.06,0.04,0.11,0.04,0.07
Global,Jul,1961,0.09,0.15,0.06,0.04,0.11,0.04,0.01
Global,Jun,1961,0.09,0.15,0.06,0.04,0.11,0.04,0.11
Global,Mar,1961,0.09,0.15,0.06,0.04,0.11,0.04,0.09
Global,May,1961,0.09,0.15,0.06,0.04,0.11,0.04,0.12
Global,Nov,1961,0.09,0.15,0.06,0.04,0.11,0.04,0.03
Global,Oct,1961,0.09,0.15,0.06,0.04,0.11,0.04,0
Global,Sep,1961,0.09,0.15,0.06,0.04,0.11,0.04,0.09
Global,Apr,1962,0.02,0.01,0.03,0.01,0.03,0.02,0.05
Global,Aug,1962,0.02,0.01,0.03,0.01,0.03,0.02,-0.01
Global,Dec,1962,0.02,0.01,0.03,0.01,0.03,0.02,-0.03
Global,Feb,1962,0.02,0.01,0.03,0.01,0.03,0.02,0.15
Global,Jan,1962,0.02,0.01,0.03,0.01,0.03,0.02,0.05
Global,Jul,1962,0.02,0.01,0.03,0.01,0.03,0.02,0.02
Global,Jun,1962,0.02,0.01,0.03,0.01,0.03,0.02,0.03
Global,Mar,1962,0.02,0.01,0.03,0.01,0.03,0.02,0.1
Global,May,1962,0.02,0.01,0.03,0.01,0.03,0.02,-0.06
Global,Nov,1962,0.02,0.01,0.03,0.01,0.03,0.02,0.06
Global,Oct,1962,0.02,0.01,0.03,0.01,0.03,0.02,0.01
Global,Sep,1962,0.02,0.01,0.03,0.01,0.03,0.02,0
Global,Apr,1963,0.05,0.04,0.05,0.11,-0.09,0.16,-0.07
Global,Aug,1963,0.05,0.04,0.05,0.11,-0.09,0.16,0.22
Global,Dec,1963,0.05,0.04,0.05,0.11,-0.09,0.16,-0.03
Global,Feb,1963,0.05,0.04,0.05,0.11,-0.09,0.16,0.18
Global,Jan,1963,0.05,0.04,0.05,0.11,-0.09,0.16,-0.03
Global,Jul,1963,0.05,0.04,0.05,0.11,-0.09,0.16,0.06
Global,Jun,1963,0.05,0.04,0.05,0.11,-0.09,0.16,0.05
Global,Mar,1963,0.05,0.04,0.05,0.11,-0.09,0.16,-0.14
Global,May,1963,0.05,0.04,0.05,0.11,-0.09,0.16,-0.06
Global,Nov,1963,0.05,0.04,0.05,0.11,-0.09,0.16,0.15
Global,Oct,1963,0.05,0.04,0.05,0.11,-0.09,0.16,0.14
Global,Sep,1963,0.05,0.04,0.05,0.11,-0.09,0.16,0.18
Global,Apr,1964,-0.18,-0.08,-0.2,-0.1,-0.26,-0.27,-0.32
Global,Aug,1964,-0.18,-0.08,-0.2,-0.1,-0.26,-0.27,-0.22
Global,Dec,1964,-0.18,-0.08,-0.2,-0.1,-0.26,-0.27,-0.3
Global,Feb,1964,-0.18,-0.08,-0.2,-0.1,-0.26,-0.27,-0.1
Global,Jan,1964,-0.18,-0.08,-0.2,-0.1,-0.26,-0.27,-0.09
Global,Jul,1964,-0.18,-0.08,-0.2,-0.1,-0.26,-0.27,-0.04
Global,Jun,1964,-0.18,-0.08,-0.2,-0.1,-0.26,-0.27,-0.04
Global,Mar,1964,-0.18,-0.08,-0.2,-0.1,-0.26,-0.27,-0.21
Global,May,1964,-0.18,-0.08,-0.2,-0.1,-0.26,-0.27,-0.25
Global,Nov,1964,-0.18,-0.08,-0.2,-0.1,-0.26,-0.27,-0.21
Global,Oct,1964,-0.18,-0.08,-0.2,-0.1,-0.26,-0.27,-0.32
Global,Sep,1964,-0.18,-0.08,-0.2,-0.1,-0.26,-0.27,-0.3
Global,Apr,1965,-0.13,-0.18,-0.11,-0.09,-0.15,-0.09,-0.19
Global,Aug,1965,-0.13,-0.18,-0.11,-0.09,-0.15,-0.09,-0.04
Global,Dec,1965,-0.13,-0.18,-0.11,-0.09,-0.15,-0.09,-0.08
Global,Feb,1965,-0.13,-0.18,-0.11,-0.09,-0.15,-0.09,-0.17
Global,Jan,1965,-0.13,-0.18,-0.11,-0.09,-0.15,-0.09,-0.08
Global,Jul,1965,-0.13,-0.18,-0.11,-0.09,-0.15,-0.09,-0.13
Global,Jun,1965,-0.13,-0.18,-0.11,-0.09,-0.15,-0.09,-0.08
Global,Mar,1965,-0.13,-0.18,-0.11,-0.09,-0.15,-0.09,-0.13
Global,May,1965,-0.13,-0.18,-0.11,-0.09,-0.15,-0.09,-0.12
Global,Nov,1965,-0.13,-0.18,-0.11,-0.09,-0.15,-0.09,-0.06
Global,Oct,1965,-0.13,-0.18,-0.11,-0.09,-0.15,-0.09,-0.05
Global,Sep,1965,-0.13,-0.18,-0.11,-0.09,-0.15,-0.09,-0.15
Global,Apr,1966,-0.06,-0.11,-0.06,0,-0.07,-0.07,-0.13
Global,Aug,1966,-0.06,-0.11,-0.06,0,-0.07,-0.07,-0.09
Global,Dec,1966,-0.06,-0.11,-0.06,0,-0.07,-0.07,-0.02
Global,Feb,1966,-0.06,-0.11,-0.06,0,-0.07,-0.07,-0.04
Global,Jan,1966,-0.06,-0.11,-0.06,0,-0.07,-0.07,-0.19
Global,Jul,1966,-0.06,-0.11,-0.06,0,-0.07,-0.07,0.08
Global,Jun,1966,-0.06,-0.11,-0.06,0,-0.07,-0.07,0.01
Global,Mar,1966,-0.06,-0.11,-0.06,0,-0.07,-0.07,0.04
Global,May,1966,-0.06,-0.11,-0.06,0,-0.07,-0.07,-0.12
Global,Nov,1966,-0.06,-0.11,-0.06,0,-0.07,-0.07,-0.01
Global,Oct,1966,-0.06,-0.11,-0.06,0,-0.07,-0.07,-0.16
Global,Sep,1966,-0.06,-0.11,-0.06,0,-0.07,-0.07,-0.03
Global,Apr,1967,-0.02,-0.1,-0.02,-0.02,0.04,-0.01,-0.05
Global,Aug,1967,-0.02,-0.1,-0.02,-0.02,0.04,-0.01,0.01
Global,Dec,1967,-0.02,-0.1,-0.02,-0.02,0.04,-0.01,-0.05
Global,Feb,1967,-0.02,-0.1,-0.02,-0.02,0.04,-0.01,-0.21
Global,Jan,1967,-0.02,-0.1,-0.02,-0.02,0.04,-0.01,-0.07
Global,Jul,1967,-0.02,-0.1,-0.02,-0.02,0.04,-0.01,0.02
Global,Jun,1967,-0.02,-0.1,-0.02,-0.02,0.04,-0.01,-0.08
Global,Mar,1967,-0.02,-0.1,-0.02,-0.02,0.04,-0.01,0.05
Global,May,1967,-0.02,-0.1,-0.02,-0.02,0.04,-0.01,0.12
Global,Nov,1967,-0.02,-0.1,-0.02,-0.02,0.04,-0.01,-0.05
Global,Oct,1967,-0.02,-0.1,-0.02,-0.02,0.04,-0.01,0.09
Global,Sep,1967,-0.02,-0.1,-0.02,-0.02,0.04,-0.01,-0.06
Global,Apr,1968,-0.07,-0.15,-0.08,-0.1,0,-0.05,-0.06
Global,Aug,1968,-0.07,-0.15,-0.08,-0.1,0,-0.05,-0.09
Global,Dec,1968,-0.07,-0.15,-0.08,-0.1,0,-0.05,-0.15
Global,Feb,1968,-0.07,-0.15,-0.08,-0.1,0,-0.05,-0.14
Global,Jan,1968,-0.07,-0.15,-0.08,-0.1,0,-0.05,-0.26
Global,Jul,1968,-0.07,-0.15,-0.08,-0.1,0,-0.05,-0.13
Global,Jun,1968,-0.07,-0.15,-0.08,-0.1,0,-0.05,-0.09
Global,Mar,1968,-0.07,-0.15,-0.08,-0.1,0,-0.05,0.2
Global,May,1968,-0.07,-0.15,-0.08,-0.1,0,-0.05,-0.14
Global,Nov,1968,-0.07,-0.15,-0.08,-0.1,0,-0.05,-0.05
Global,Oct,1968,-0.07,-0.15,-0.08,-0.1,0,-0.05,0.09
Global,Sep,1968,-0.07,-0.15,-0.08,-0.1,0,-0.05,-0.19
Global,Apr,1969,0.02,-0.14,0.05,0.01,0.12,0.1,0.17
Global,Aug,1969,0.02,-0.14,0.05,0.01,0.12,0.1,0.04
Global,Dec,1969,0.02,-0.14,0.05,0.01,0.12,0.1,0.24
Global,Feb,1969,0.02,-0.14,0.05,0.01,0.12,0.1,-0.17
Global,Jan,1969,0.02,-0.14,0.05,0.01,0.12,0.1,-0.11
Global,Jul,1969,0.02,-0.14,0.05,0.01,0.12,0.1,-0.04
Global,Jun,1969,0.02,-0.14,0.05,0.01,0.12,0.1,0.03
Global,Mar,1969,0.02,-0.14,0.05,0.01,0.12,0.1,0.01
Global,May,1969,0.02,-0.14,0.05,0.01,0.12,0.1,0.18
Global,Nov,1969,0.02,-0.14,0.05,0.01,0.12,0.1,0.12
Global,Oct,1969,0.02,-0.14,0.05,0.01,0.12,0.1,0.1
Global,Sep,1969,0.02,-0.14,0.05,0.01,0.12,0.1,0.09
Global,Apr,1970,0.06,0.18,0.03,-0.04,0.03,0.05,0.05
Global,Aug,1970,0.06,0.18,0.03,-0.04,0.03,0.05,-0.1
Global,Dec,1970,0.06,0.18,0.03,-0.04,0.03,0.05,-0.12
Global,Feb,1970,0.06,0.18,0.03,-0.04,0.03,0.05,0.22
Global,Jan,1970,0.06,0.18,0.03,-0.04,0.03,0.05,0.08
Global,Jul,1970,0.06,0.18,0.03,-0.04,0.03,0.05,0.01
Global,Jun,1970,0.06,0.18,0.03,-0.04,0.03,0.05,-0.03
Global,Mar,1970,0.06,0.18,0.03,-0.04,0.03,0.05,0.06
Global,May,1970,0.06,0.18,0.03,-0.04,0.03,0.05,-0.04
Global,Nov,1970,0.06,0.18,0.03,-0.04,0.03,0.05,0.02
Global,Oct,1970,0.06,0.18,0.03,-0.04,0.03,0.05,0.03
Global,Sep,1970,0.06,0.18,0.03,-0.04,0.03,0.05,0.12
Global,Apr,1971,-0.09,-0.1,-0.08,-0.08,-0.1,-0.06,-0.07
Global,Aug,1971,-0.09,-0.1,-0.08,-0.08,-0.1,-0.06,-0.01
Global,Dec,1971,-0.09,-0.1,-0.08,-0.08,-0.1,-0.06,-0.08
Global,Feb,1971,-0.09,-0.1,-0.08,-0.08,-0.1,-0.06,-0.16
Global,Jan,1971,-0.09,-0.1,-0.08,-0.08,-0.1,-0.06,-0.02
Global,Jul,1971,-0.09,-0.1,-0.08,-0.08,-0.1,-0.06,-0.08
Global,Jun,1971,-0.09,-0.1,-0.08,-0.08,-0.1,-0.06,-0.17
Global,Mar,1971,-0.09,-0.1,-0.08,-0.08,-0.1,-0.06,-0.18
Global,May,1971,-0.09,-0.1,-0.08,-0.08,-0.1,-0.06,-0.05
Global,Nov,1971,-0.09,-0.1,-0.08,-0.08,-0.1,-0.06,-0.07
Global,Oct,1971,-0.09,-0.1,-0.08,-0.08,-0.1,-0.06,-0.04
Global,Sep,1971,-0.09,-0.1,-0.08,-0.08,-0.1,-0.06,-0.06
Global,Apr,1972,-0.01,-0.16,0.01,0.07,0,0.04,0
Global,Aug,1972,-0.01,-0.16,0.01,0.07,0,0.04,0.16
Global,Dec,1972,-0.01,-0.16,0.01,0.07,0,0.04,0.18
Global,Feb,1972,-0.01,-0.16,0.01,0.07,0,0.04,-0.18
Global,Jan,1972,-0.01,-0.16,0.01,0.07,0,0.04,-0.22
Global,Jul,1972,-0.01,-0.16,0.01,0.07,0,0.04,0.01
Global,Jun,1972,-0.01,-0.16,0.01,0.07,0,0.04,0.04
Global,Mar,1972,-0.01,-0.16,0.01,0.07,0,0.04,0.02
Global,May,1972,-0.01,-0.16,0.01,0.07,0,0.04,-0.03
Global,Nov,1972,-0.01,-0.16,0.01,0.07,0,0.04,0.02
Global,Oct,1972,-0.01,-0.16,0.01,0.07,0,0.04,0.08
Global,Sep,1972,-0.01,-0.16,0.01,0.07,0,0.04,0.02
Global,Apr,1973,0.18,0.26,0.16,0.12,0.26,0.08,0.27
Global,Aug,1973,0.18,0.26,0.16,0.12,0.26,0.08,0.05
Global,Dec,1973,0.18,0.26,0.16,0.12,0.26,0.08,-0.07
Global,Feb,1973,0.18,0.26,0.16,0.12,0.26,0.08,0.32
Global,Jan,1973,0.18,0.26,0.16,0.12,0.26,0.08,0.29
Global,Jul,1973,0.18,0.26,0.16,0.12,0.26,0.08,0.13
Global,Jun,1973,0.18,0.26,0.16,0.12,0.26,0.08,0.19
Global,Mar,1973,0.18,0.26,0.16,0.12,0.26,0.08,0.29
Global,May,1973,0.18,0.26,0.16,0.12,0.26,0.08,0.22
Global,Nov,1973,0.18,0.26,0.16,0.12,0.26,0.08,0.05
Global,Oct,1973,0.18,0.26,0.16,0.12,0.26,0.08,0.1
Global,Sep,1973,0.18,0.26,0.16,0.12,0.26,0.08,0.09
Global,Apr,1974,-0.07,-0.14,-0.07,0.01,-0.07,-0.07,-0.11
Global,Aug,1974,-0.07,-0.14,-0.07,0.01,-0.07,-0.07,0.11
Global,Dec,1974,-0.07,-0.14,-0.07,0.01,-0.07,-0.07,-0.08
Global,Feb,1974,-0.07,-0.14,-0.07,0.01,-0.07,-0.07,-0.27
Global,Jan,1974,-0.07,-0.14,-0.07,0.01,-0.07,-0.07,-0.1
Global,Jul,1974,-0.07,-0.14,-0.07,0.01,-0.07,-0.07,-0.03
Global,Jun,1974,-0.07,-0.14,-0.07,0.01,-0.07,-0.07,-0.05
Global,Mar,1974,-0.07,-0.14,-0.07,0.01,-0.07,-0.07,-0.05
Global,May,1974,-0.07,-0.14,-0.07,0.01,-0.07,-0.07,-0.04
Global,Nov,1974,-0.07,-0.14,-0.07,0.01,-0.07,-0.07,-0.07
Global,Oct,1974,-0.07,-0.14,-0.07,0.01,-0.07,-0.07,-0.05
Global,Sep,1974,-0.07,-0.14,-0.07,0.01,-0.07,-0.07,-0.08
Global,Apr,1975,-0.01,0.03,-0.01,-0.06,0.11,-0.1,0.04
Global,Aug,1975,-0.01,0.03,-0.01,-0.06,0.11,-0.1,-0.17
Global,Dec,1975,-0.01,0.03,-0.01,-0.06,0.11,-0.1,-0.17
Global,Feb,1975,-0.01,0.03,-0.01,-0.06,0.11,-0.1,0.08
Global,Jan,1975,-0.01,0.03,-0.01,-0.06,0.11,-0.1,0.1
Global,Jul,1975,-0.01,0.03,-0.01,-0.06,0.11,-0.1,-0.01
Global,Jun,1975,-0.01,0.03,-0.01,-0.06,0.11,-0.1,-0.01
Global,Mar,1975,-0.01,0.03,-0.01,-0.06,0.11,-0.1,0.12
Global,May,1975,-0.01,0.03,-0.01,-0.06,0.11,-0.1,0.16
Global,Nov,1975,-0.01,0.03,-0.01,-0.06,0.11,-0.1,-0.17
Global,Oct,1975,-0.01,0.03,-0.01,-0.06,0.11,-0.1,-0.11
Global,Sep,1975,-0.01,0.03,-0.01,-0.06,0.11,-0.1,-0.03
Global,Apr,1976,-0.12,-0.09,-0.1,-0.11,-0.16,-0.12,-0.07
Global,Aug,1976,-0.12,-0.09,-0.1,-0.11,-0.16,-0.12,-0.12
Global,Dec,1976,-0.12,-0.09,-0.1,-0.11,-0.16,-0.12,0.11
Global,Feb,1976,-0.12,-0.09,-0.1,-0.11,-0.16,-0.12,-0.06
Global,Jan,1976,-0.12,-0.09,-0.1,-0.11,-0.16,-0.12,-0.03
Global,Jul,1976,-0.12,-0.09,-0.1,-0.11,-0.16,-0.12,-0.1
Global,Jun,1976,-0.12,-0.09,-0.1,-0.11,-0.16,-0.12,-0.12
Global,Mar,1976,-0.12,-0.09,-0.1,-0.11,-0.16,-0.12,-0.21
Global,May,1976,-0.12,-0.09,-0.1,-0.11,-0.16,-0.12,-0.21
Global,Nov,1976,-0.12,-0.09,-0.1,-0.11,-0.16,-0.12,-0.06
Global,Oct,1976,-0.12,-0.09,-0.1,-0.11,-0.16,-0.12,-0.24
Global,Sep,1976,-0.12,-0.09,-0.1,-0.11,-0.16,-0.12,-0.06
Global,Apr,1977,0.19,0.17,0.18,0.22,0.28,0.07,0.26
Global,Aug,1977,0.19,0.17,0.18,0.22,0.28,0.07,0.18
Global,Dec,1977,0.19,0.17,0.18,0.22,0.28,0.07,0.03
Global,Feb,1977,0.19,0.17,0.18,0.22,0.28,0.07,0.23
Global,Jan,1977,0.19,0.17,0.18,0.22,0.28,0.07,0.18
Global,Jul,1977,0.19,0.17,0.18,0.22,0.28,0.07,0.2
Global,Jun,1977,0.19,0.17,0.18,0.22,0.28,0.07,0.27
Global,Mar,1977,0.19,0.17,0.18,0.22,0.28,0.07,0.25
Global,May,1977,0.19,0.17,0.18,0.22,0.28,0.07,0.33
Global,Nov,1977,0.19,0.17,0.18,0.22,0.28,0.07,0.16
Global,Oct,1977,0.19,0.17,0.18,0.22,0.28,0.07,0.03
Global,Sep,1977,0.19,0.17,0.18,0.22,0.28,0.07,0.02
Global,Apr,1978,0.06,0.06,0.07,-0.04,0.15,0.08,0.17
Global,Aug,1978,0.06,0.06,0.07,-0.04,0.15,0.08,-0.13
Global,Dec,1978,0.06,0.06,0.07,-0.04,0.15,0.08,0.08
Global,Feb,1978,0.06,0.06,0.07,-0.04,0.15,0.08,0.1
Global,Jan,1978,0.06,0.06,0.07,-0.04,0.15,0.08,0.06
Global,Jul,1978,0.06,0.06,0.07,-0.04,0.15,0.08,0.04
Global,Jun,1978,0.06,0.06,0.07,-0.04,0.15,0.08,-0.01
Global,Mar,1978,0.06,0.06,0.07,-0.04,0.15,0.08,0.19
Global,May,1978,0.06,0.06,0.07,-0.04,0.15,0.08,0.09
Global,Nov,1978,0.06,0.06,0.07,-0.04,0.15,0.08,0.14
Global,Oct,1978,0.06,0.06,0.07,-0.04,0.15,0.08,0.03
Global,Sep,1978,0.06,0.06,0.07,-0.04,0.15,0.08,0.06
Global,Apr,1979,0.13,0.02,0.16,0.11,0.13,0.26,0.15
Global,Aug,1979,0.13,0.02,0.16,0.11,0.13,0.26,0.17
Global,Dec,1979,0.13,0.02,0.16,0.11,0.13,0.26,0.48
Global,Feb,1979,0.13,0.02,0.16,0.11,0.13,0.26,-0.1
Global,Jan,1979,0.13,0.02,0.16,0.11,0.13,0.26,0.08
Global,Jul,1979,0.13,0.02,0.16,0.11,0.13,0.26,0.04
Global,Jun,1979,0.13,0.02,0.16,0.11,0.13,0.26,0.14
Global,Mar,1979,0.13,0.02,0.16,0.11,0.13,0.26,0.19
Global,May,1979,0.13,0.02,0.16,0.11,0.13,0.26,0.04
Global,Nov,1979,0.13,0.02,0.16,0.11,0.13,0.26,0.28
Global,Oct,1979,0.13,0.02,0.16,0.11,0.13,0.26,0.26
Global,Sep,1979,0.13,0.02,0.16,0.11,0.13,0.26,0.25
Global,Apr,1980,0.28,0.39,0.26,0.2,0.32,0.21,0.3
Global,Aug,1980,0.28,0.39,0.26,0.2,0.32,0.21,0.19
Global,Dec,1980,0.28,0.39,0.26,0.2,0.32,0.21,0.22
Global,Feb,1980,0.28,0.39,0.26,0.2,0.32,0.21,0.4
Global,Jan,1980,0.28,0.39,0.26,0.2,0.32,0.21,0.3
Global,Jul,1980,0.28,0.39,0.26,0.2,0.32,0.21,0.22
Global,Jun,1980,0.28,0.39,0.26,0.2,0.32,0.21,0.2
Global,Mar,1980,0.28,0.39,0.26,0.2,0.32,0.21,0.3
Global,May,1980,0.28,0.39,0.26,0.2,0.32,0.21,0.35
Global,Nov,1980,0.28,0.39,0.26,0.2,0.32,0.21,0.3
Global,Oct,1980,0.28,0.39,0.26,0.2,0.32,0.21,0.13
Global,Sep,1980,0.28,0.39,0.26,0.2,0.32,0.21,0.2
Global,Apr,1981,0.31,0.39,0.32,0.32,0.35,0.17,0.32
Global,Aug,1981,0.31,0.39,0.32,0.32,0.35,0.17,0.35
Global,Dec,1981,0.31,0.39,0.32,0.32,0.35,0.17,0.41
Global,Feb,1981,0.31,0.39,0.32,0.32,0.35,0.17,0.42
Global,Jan,1981,0.31,0.39,0.32,0.32,0.35,0.17,0.53
Global,Jul,1981,0.31,0.39,0.32,0.32,0.35,0.17,0.32
Global,Jun,1981,0.31,0.39,0.32,0.32,0.35,0.17,0.29
Global,Mar,1981,0.31,0.39,0.32,0.32,0.35,0.17,0.48
Global,May,1981,0.31,0.39,0.32,0.32,0.35,0.17,0.25
Global,Nov,1981,0.31,0.39,0.32,0.32,0.35,0.17,0.23
Global,Oct,1981,0.31,0.39,0.32,0.32,0.35,0.17,0.12
Global,Sep,1981,0.31,0.39,0.32,0.32,0.35,0.17,0.15
Global,Apr,1982,0.14,0.21,0.14,0.08,0.12,0.15,0.15
Global,Aug,1982,0.14,0.21,0.14,0.08,0.12,0.15,0.04
Global,Dec,1982,0.14,0.21,0.14,0.08,0.12,0.15,0.43
Global,Feb,1982,0.14,0.21,0.14,0.08,0.12,0.15,0.15
Global,Jan,1982,0.14,0.21,0.14,0.08,0.12,0.15,0.05
Global,Jul,1982,0.14,0.21,0.14,0.08,0.12,0.15,0.15
Global,Jun,1982,0.14,0.21,0.14,0.08,0.12,0.15,0.06
Global,Mar,1982,0.14,0.21,0.14,0.08,0.12,0.15,0.03
Global,May,1982,0.14,0.21,0.14,0.08,0.12,0.15,0.18
Global,Nov,1982,0.14,0.21,0.14,0.08,0.12,0.15,0.18
Global,Oct,1982,0.14,0.21,0.14,0.08,0.12,0.15,0.13
Global,Sep,1982,0.14,0.21,0.14,0.08,0.12,0.15,0.14
Global,Apr,1983,0.34,0.46,0.31,0.25,0.34,0.28,0.28
Global,Aug,1983,0.34,0.46,0.31,0.25,0.34,0.28,0.35
Global,Dec,1983,0.34,0.46,0.31,0.25,0.34,0.28,0.17
Global,Feb,1983,0.34,0.46,0.31,0.25,0.34,0.28,0.43
Global,Jan,1983,0.34,0.46,0.31,0.25,0.34,0.28,0.53
Global,Jul,1983,0.34,0.46,0.31,0.25,0.34,0.28,0.18
Global,Jun,1983,0.34,0.46,0.31,0.25,0.34,0.28,0.23
Global,Mar,1983,0.34,0.46,0.31,0.25,0.34,0.28,0.42
Global,May,1983,0.34,0.46,0.31,0.25,0.34,0.28,0.34
Global,Nov,1983,0.34,0.46,0.31,0.25,0.34,0.28,0.3
Global,Oct,1983,0.34,0.46,0.31,0.25,0.34,0.28,0.17
Global,Sep,1983,0.34,0.46,0.31,0.25,0.34,0.28,0.37
Global,Apr,1984,0.18,0.21,0.16,0.14,0.22,0.14,0.06
Global,Aug,1984,0.18,0.21,0.16,0.14,0.22,0.14,0.19
Global,Dec,1984,0.18,0.21,0.16,0.14,0.22,0.14,-0.04
Global,Feb,1984,0.18,0.21,0.16,0.14,0.22,0.14,0.14
Global,Jan,1984,0.18,0.21,0.16,0.14,0.22,0.14,0.31
Global,Jul,1984,0.18,0.21,0.16,0.14,0.22,0.14,0.19
Global,Jun,1984,0.18,0.21,0.16,0.14,0.22,0.14,0.02
Global,Mar,1984,0.18,0.21,0.16,0.14,0.22,0.14,0.26
Global,May,1984,0.18,0.21,0.16,0.14,0.22,0.14,0.33
Global,Nov,1984,0.18,0.21,0.16,0.14,0.22,0.14,0.07
Global,Oct,1984,0.18,0.21,0.16,0.14,0.22,0.14,0.14
Global,Sep,1984,0.18,0.21,0.16,0.14,0.22,0.14,0.21
Global,Apr,1985,0.1,0.05,0.12,0.12,0.15,0.1,0.12
Global,Aug,1985,0.1,0.05,0.12,0.12,0.15,0.1,0.17
Global,Dec,1985,0.1,0.05,0.12,0.12,0.15,0.1,0.14
Global,Feb,1985,0.1,0.05,0.12,0.12,0.15,0.1,-0.04
Global,Jan,1985,0.1,0.05,0.12,0.12,0.15,0.1,0.22
Global,Jul,1985,0.1,0.05,0.12,0.12,0.15,0.1,0.04
Global,Jun,1985,0.1,0.05,0.12,0.12,0.15,0.1,0.15
Global,Mar,1985,0.1,0.05,0.12,0.12,0.15,0.1,0.17
Global,May,1985,0.1,0.05,0.12,0.12,0.15,0.1,0.15
Global,Nov,1985,0.1,0.05,0.12,0.12,0.15,0.1,0.05
Global,Oct,1985,0.1,0.05,0.12,0.12,0.15,0.1,0.12
Global,Sep,1985,0.1,0.05,0.12,0.12,0.15,0.1,0.13
Global,Apr,1986,0.18,0.26,0.18,0.13,0.25,0.09,0.22
Global,Aug,1986,0.18,0.26,0.18,0.13,0.25,0.09,0.16
Global,Dec,1986,0.18,0.26,0.18,0.13,0.25,0.09,0.13
Global,Feb,1986,0.18,0.26,0.18,0.13,0.25,0.09,0.37
Global,Jan,1986,0.18,0.26,0.18,0.13,0.25,0.09,0.26
Global,Jul,1986,0.18,0.26,0.18,0.13,0.25,0.09,0.11
Global,Jun,1986,0.18,0.26,0.18,0.13,0.25,0.09,0.12
Global,Mar,1986,0.18,0.26,0.18,0.13,0.25,0.09,0.3
Global,May,1986,0.18,0.26,0.18,0.13,0.25,0.09,0.21
Global,Nov,1986,0.18,0.26,0.18,0.13,0.25,0.09,0.1
Global,Oct,1986,0.18,0.26,0.18,0.13,0.25,0.09,0.15
Global,Sep,1986,0.18,0.26,0.18,0.13,0.25,0.09,0.03
Global,Apr,1987,0.29,0.29,0.32,0.33,0.23,0.32,0.25
Global,Aug,1987,0.29,0.29,0.32,0.33,0.23,0.32,0.25
Global,Dec,1987,0.29,0.29,0.32,0.33,0.23,0.32,0.46
Global,Feb,1987,0.29,0.29,0.32,0.33,0.23,0.32,0.43
Global,Jan,1987,0.29,0.29,0.32,0.33,0.23,0.32,0.32
Global,Jul,1987,0.29,0.29,0.32,0.33,0.23,0.32,0.4
Global,Jun,1987,0.29,0.29,0.32,0.33,0.23,0.32,0.35
Global,Mar,1987,0.29,0.29,0.32,0.33,0.23,0.32,0.19
Global,May,1987,0.29,0.29,0.32,0.33,0.23,0.32,0.26
Global,Nov,1987,0.29,0.29,0.32,0.33,0.23,0.32,0.29
Global,Oct,1987,0.29,0.29,0.32,0.33,0.23,0.32,0.33
Global,Sep,1987,0.29,0.29,0.32,0.33,0.23,0.32,0.35
Global,Apr,1988,0.4,0.49,0.39,0.37,0.46,0.29,0.43
Global,Aug,1988,0.4,0.49,0.39,0.37,0.46,0.29,0.39
Global,Dec,1988,0.4,0.49,0.39,0.37,0.46,0.29,0.29
Global,Feb,1988,0.4,0.49,0.39,0.37,0.46,0.29,0.44
Global,Jan,1988,0.4,0.49,0.39,0.37,0.46,0.29,0.57
Global,Jul,1988,0.4,0.49,0.39,0.37,0.46,0.29,0.33
Global,Jun,1988,0.4,0.49,0.39,0.37,0.46,0.29,0.4
Global,Mar,1988,0.4,0.49,0.39,0.37,0.46,0.29,0.52
Global,May,1988,0.4,0.49,0.39,0.37,0.46,0.29,0.44
Global,Nov,1988,0.4,0.49,0.39,0.37,0.46,0.29,0.12
Global,Oct,1988,0.4,0.49,0.39,0.37,0.46,0.29,0.38
Global,Sep,1988,0.4,0.49,0.39,0.37,0.46,0.29,0.37
Global,Apr,1989,0.27,0.24,0.27,0.28,0.27,0.28,0.29
Global,Aug,1989,0.27,0.24,0.27,0.28,0.27,0.28,0.33
Global,Dec,1989,0.27,0.24,0.27,0.28,0.27,0.28,0.37
Global,Feb,1989,0.27,0.24,0.27,0.28,0.27,0.28,0.3
Global,Jan,1989,0.27,0.24,0.27,0.28,0.27,0.28,0.12
Global,Jul,1989,0.27,0.24,0.27,0.28,0.27,0.28,0.34
Global,Jun,1989,0.27,0.24,0.27,0.28,0.27,0.28,0.17
Global,Mar,1989,0.27,0.24,0.27,0.28,0.27,0.28,0.36
Global,May,1989,0.27,0.24,0.27,0.28,0.27,0.28,0.17
Global,Nov,1989,0.27,0.24,0.27,0.28,0.27,0.28,0.19
Global,Oct,1989,0.27,0.24,0.27,0.28,0.27,0.28,0.29
Global,Sep,1989,0.27,0.24,0.27,0.28,0.27,0.28,0.35
Global,Apr,1990,0.45,0.41,0.45,0.39,0.61,0.38,0.56
Global,Aug,1990,0.45,0.41,0.45,0.39,0.61,0.38,0.34
Global,Dec,1990,0.45,0.41,0.45,0.39,0.61,0.38,0.41
Global,Feb,1990,0.45,0.41,0.45,0.39,0.61,0.38,0.44
Global,Jan,1990,0.45,0.41,0.45,0.39,0.61,0.38,0.42
Global,Jul,1990,0.45,0.41,0.45,0.39,0.61,0.38,0.46
Global,Jun,1990,0.45,0.41,0.45,0.39,0.61,0.38,0.38
Global,Mar,1990,0.45,0.41,0.45,0.39,0.61,0.38,0.8
Global,May,1990,0.45,0.41,0.45,0.39,0.61,0.38,0.46
Global,Nov,1990,0.45,0.41,0.45,0.39,0.61,0.38,0.47
Global,Oct,1990,0.45,0.41,0.45,0.39,0.61,0.38,0.45
Global,Sep,1990,0.45,0.41,0.45,0.39,0.61,0.38,0.23
Global,Apr,1991,0.41,0.45,0.41,0.46,0.4,0.34,0.51
Global,Aug,1991,0.41,0.45,0.41,0.46,0.4,0.34,0.39
Global,Dec,1991,0.41,0.45,0.41,0.46,0.4,0.34,0.32
Global,Feb,1991,0.41,0.45,0.41,0.46,0.4,0.34,0.5
Global,Jan,1991,0.41,0.45,0.41,0.46,0.4,0.34,0.43
Global,Jul,1991,0.41,0.45,0.41,0.46,0.4,0.34,0.47
Global,Jun,1991,0.41,0.45,0.41,0.46,0.4,0.34,0.53
Global,Mar,1991,0.41,0.45,0.41,0.46,0.4,0.34,0.35
Global,May,1991,0.41,0.45,0.41,0.46,0.4,0.34,0.34
Global,Nov,1991,0.41,0.45,0.41,0.46,0.4,0.34,0.3
Global,Oct,1991,0.41,0.45,0.41,0.46,0.4,0.34,0.29
Global,Sep,1991,0.41,0.45,0.41,0.46,0.4,0.34,0.44
Global,Apr,1992,0.23,0.4,0.22,0.14,0.36,0.03,0.27
Global,Aug,1992,0.23,0.4,0.22,0.14,0.36,0.03,0.08
Global,Dec,1992,0.23,0.4,0.22,0.14,0.36,0.03,0.21
Global,Feb,1992,0.23,0.4,0.22,0.14,0.36,0.03,0.4
Global,Jan,1992,0.23,0.4,0.22,0.14,0.36,0.03,0.47
Global,Jul,1992,0.23,0.4,0.22,0.14,0.36,0.03,0.08
Global,Jun,1992,0.23,0.4,0.22,0.14,0.36,0.03,0.26
Global,Mar,1992,0.23,0.4,0.22,0.14,0.36,0.03,0.48
Global,May,1992,0.23,0.4,0.22,0.14,0.36,0.03,0.31
Global,Nov,1992,0.23,0.4,0.22,0.14,0.36,0.03,0.03
Global,Oct,1992,0.23,0.4,0.22,0.14,0.36,0.03,0.06
Global,Sep,1992,0.23,0.4,0.22,0.14,0.36,0.03,-0.01
Global,Apr,1993,0.24,0.31,0.23,0.2,0.31,0.13,0.28
Global,Aug,1993,0.24,0.31,0.23,0.2,0.31,0.13,0.11
Global,Dec,1993,0.24,0.31,0.23,0.2,0.31,0.13,0.18
Global,Feb,1993,0.24,0.31,0.23,0.2,0.31,0.13,0.37
Global,Jan,1993,0.24,0.31,0.23,0.2,0.31,0.13,0.35
Global,Jul,1993,0.24,0.31,0.23,0.2,0.31,0.13,0.25
Global,Jun,1993,0.24,0.31,0.23,0.2,0.31,0.13,0.23
Global,Mar,1993,0.24,0.31,0.23,0.2,0.31,0.13,0.36
Global,May,1993,0.24,0.31,0.23,0.2,0.31,0.13,0.29
Global,Nov,1993,0.24,0.31,0.23,0.2,0.31,0.13,0.04
Global,Oct,1993,0.24,0.31,0.23,0.2,0.31,0.13,0.23
Global,Sep,1993,0.24,0.31,0.23,0.2,0.31,0.13,0.12
Global,Apr,1994,0.3,0.16,0.32,0.32,0.33,0.39,0.42
Global,Aug,1994,0.3,0.16,0.32,0.32,0.33,0.39,0.22
Global,Dec,1994,0.3,0.16,0.32,0.32,0.33,0.39,0.38
Global,Feb,1994,0.3,0.16,0.32,0.32,0.33,0.39,0.02
Global,Jan,1994,0.3,0.16,0.32,0.32,0.33,0.39,0.26
Global,Jul,1994,0.3,0.16,0.32,0.32,0.33,0.39,0.3
Global,Jun,1994,0.3,0.16,0.32,0.32,0.33,0.39,0.44
Global,Mar,1994,0.3,0.16,0.32,0.32,0.33,0.39,0.29
Global,May,1994,0.3,0.16,0.32,0.32,0.33,0.39,0.28
Global,Nov,1994,0.3,0.16,0.32,0.32,0.33,0.39,0.44
Global,Oct,1994,0.3,0.16,0.32,0.32,0.33,0.39,0.42
Global,Sep,1994,0.3,0.16,0.32,0.32,0.33,0.39,0.32
Global,Apr,1995,0.46,0.57,0.45,0.45,0.4,0.42,0.46
Global,Aug,1995,0.46,0.57,0.45,0.45,0.4,0.42,0.45
Global,Dec,1995,0.46,0.57,0.45,0.45,0.4,0.42,0.25
Global,Feb,1995,0.46,0.57,0.45,0.45,0.4,0.42,0.79
Global,Jan,1995,0.46,0.57,0.45,0.45,0.4,0.42,0.52
Global,Jul,1995,0.46,0.57,0.45,0.45,0.4,0.42,0.45
Global,Jun,1995,0.46,0.57,0.45,0.45,0.4,0.42,0.44
Global,Mar,1995,0.46,0.57,0.45,0.45,0.4,0.42,0.47
Global,May,1995,0.46,0.57,0.45,0.45,0.4,0.42,0.27
Global,Nov,1995,0.46,0.57,0.45,0.45,0.4,0.42,0.44
Global,Oct,1995,0.46,0.57,0.45,0.45,0.4,0.42,0.47
Global,Sep,1995,0.46,0.57,0.45,0.45,0.4,0.42,0.34
Global,Apr,1996,0.32,0.32,0.33,0.37,0.31,0.28,0.32
Global,Aug,1996,0.32,0.32,0.33,0.37,0.31,0.28,0.48
Global,Dec,1996,0.32,0.32,0.33,0.37,0.31,0.28,0.37
Global,Feb,1996,0.32,0.32,0.33,0.37,0.31,0.28,0.46
Global,Jan,1996,0.32,0.32,0.33,0.37,0.31,0.28,0.24
Global,Jul,1996,0.32,0.32,0.33,0.37,0.31,0.28,0.36
Global,Jun,1996,0.32,0.32,0.33,0.37,0.31,0.28,0.26
Global,Mar,1996,0.32,0.32,0.33,0.37,0.31,0.28,0.33
Global,May,1996,0.32,0.32,0.33,0.37,0.31,0.28,0.28
Global,Nov,1996,0.32,0.32,0.33,0.37,0.31,0.28,0.39
Global,Oct,1996,0.32,0.32,0.33,0.37,0.31,0.28,0.2
Global,Sep,1996,0.32,0.32,0.33,0.37,0.31,0.28,0.25
Global,Apr,1997,0.45,0.36,0.46,0.43,0.4,0.59,0.34
Global,Aug,1997,0.45,0.36,0.46,0.43,0.4,0.59,0.42
Global,Dec,1997,0.45,0.36,0.46,0.43,0.4,0.59,0.59
Global,Feb,1997,0.45,0.36,0.46,0.43,0.4,0.59,0.41
Global,Jan,1997,0.45,0.36,0.46,0.43,0.4,0.59,0.3
Global,Jul,1997,0.45,0.36,0.46,0.43,0.4,0.59,0.34
Global,Jun,1997,0.45,0.36,0.46,0.43,0.4,0.59,0.54
Global,Mar,1997,0.45,0.36,0.46,0.43,0.4,0.59,0.52
Global,May,1997,0.45,0.36,0.46,0.43,0.4,0.59,0.34
Global,Nov,1997,0.45,0.36,0.46,0.43,0.4,0.59,0.64
Global,Oct,1997,0.45,0.36,0.46,0.43,0.4,0.59,0.61
Global,Sep,1997,0.45,0.36,0.46,0.43,0.4,0.59,0.52
Global,Apr,1998,0.61,0.68,0.61,0.7,0.65,0.42,0.63
Global,Aug,1998,0.61,0.68,0.61,0.7,0.65,0.42,0.66
Global,Dec,1998,0.61,0.68,0.61,0.7,0.65,0.42,0.55
Global,Feb,1998,0.61,0.68,0.61,0.7,0.65,0.42,0.88
Global,Jan,1998,0.61,0.68,0.61,0.7,0.65,0.42,0.58
Global,Jul,1998,0.61,0.68,0.61,0.7,0.65,0.42,0.66
Global,Jun,1998,0.61,0.68,0.61,0.7,0.65,0.42,0.77
Global,Mar,1998,0.61,0.68,0.61,0.7,0.65,0.42,0.63
Global,May,1998,0.61,0.68,0.61,0.7,0.65,0.42,0.68
Global,Nov,1998,0.61,0.68,0.61,0.7,0.65,0.42,0.43
Global,Oct,1998,0.61,0.68,0.61,0.7,0.65,0.42,0.42
Global,Sep,1998,0.61,0.68,0.61,0.7,0.65,0.42,0.42
Global,Apr,1999,0.4,0.56,0.38,0.35,0.3,0.37,0.31
Global,Aug,1999,0.4,0.56,0.38,0.35,0.3,0.37,0.32
Global,Dec,1999,0.4,0.56,0.38,0.35,0.3,0.37,0.41
Global,Feb,1999,0.4,0.56,0.38,0.35,0.3,0.37,0.64
Global,Jan,1999,0.4,0.56,0.38,0.35,0.3,0.37,0.49
Global,Jul,1999,0.4,0.56,0.38,0.35,0.3,0.37,0.38
Global,Jun,1999,0.4,0.56,0.38,0.35,0.3,0.37,0.36
Global,Mar,1999,0.4,0.56,0.38,0.35,0.3,0.37,0.32
Global,May,1999,0.4,0.56,0.38,0.35,0.3,0.37,0.27
Global,Nov,1999,0.4,0.56,0.38,0.35,0.3,0.37,0.38
Global,Oct,1999,0.4,0.56,0.38,0.35,0.3,0.37,0.34
Global,Sep,1999,0.4,0.56,0.38,0.35,0.3,0.37,0.38
Global,Apr,2000,0.41,0.41,0.39,0.4,0.49,0.32,0.56
Global,Aug,2000,0.41,0.41,0.39,0.4,0.49,0.32,0.42
Global,Dec,2000,0.41,0.41,0.39,0.4,0.49,0.32,0.28
Global,Feb,2000,0.41,0.41,0.39,0.4,0.49,0.32,0.56
Global,Jan,2000,0.41,0.41,0.39,0.4,0.49,0.32,0.25
Global,Jul,2000,0.41,0.41,0.39,0.4,0.49,0.32,0.39
Global,Jun,2000,0.41,0.41,0.39,0.4,0.49,0.32,0.4
Global,Mar,2000,0.41,0.41,0.39,0.4,0.49,0.32,0.56
Global,May,2000,0.41,0.41,0.39,0.4,0.49,0.32,0.36
Global,Nov,2000,0.41,0.41,0.39,0.4,0.49,0.32,0.3
Global,Oct,2000,0.41,0.41,0.39,0.4,0.49,0.32,0.28
Global,Sep,2000,0.41,0.41,0.39,0.4,0.49,0.32,0.38
Global,Apr,2001,0.52,0.39,0.54,0.54,0.55,0.58,0.51
Global,Aug,2001,0.52,0.39,0.54,0.54,0.55,0.58,0.5
Global,Dec,2001,0.52,0.39,0.54,0.54,0.55,0.58,0.56
Global,Feb,2001,0.52,0.39,0.54,0.54,0.55,0.58,0.44
Global,Jan,2001,0.52,0.39,0.54,0.54,0.55,0.58,0.46
Global,Jul,2001,0.52,0.39,0.54,0.54,0.55,0.58,0.59
Global,Jun,2001,0.52,0.39,0.54,0.54,0.55,0.58,0.52
Global,Mar,2001,0.52,0.39,0.54,0.54,0.55,0.58,0.56
Global,May,2001,0.52,0.39,0.54,0.54,0.55,0.58,0.58
Global,Nov,2001,0.52,0.39,0.54,0.54,0.55,0.58,0.73
Global,Oct,2001,0.52,0.39,0.54,0.54,0.55,0.58,0.51
Global,Sep,2001,0.52,0.39,0.54,0.54,0.55,0.58,0.52
Global,Apr,2002,0.64,0.71,0.63,0.56,0.7,0.59,0.58
Global,Aug,2002,0.64,0.71,0.63,0.56,0.7,0.59,0.53
Global,Dec,2002,0.64,0.71,0.63,0.56,0.7,0.59,0.44
Global,Feb,2002,0.64,0.71,0.63,0.56,0.7,0.59,0.79
Global,Jan,2002,0.64,0.71,0.63,0.56,0.7,0.59,0.78
Global,Jul,2002,0.64,0.71,0.63,0.56,0.7,0.59,0.61
Global,Jun,2002,0.64,0.71,0.63,0.56,0.7,0.59,0.53
Global,Mar,2002,0.64,0.71,0.63,0.56,0.7,0.59,0.88
Global,May,2002,0.64,0.71,0.63,0.56,0.7,0.59,0.63
Global,Nov,2002,0.64,0.71,0.63,0.56,0.7,0.59,0.59
Global,Oct,2002,0.64,0.71,0.63,0.56,0.7,0.59,0.54
Global,Sep,2002,0.64,0.71,0.63,0.56,0.7,0.59,0.63
Global,Apr,2003,0.59,0.59,0.62,0.57,0.59,0.63,0.55
Global,Aug,2003,0.59,0.59,0.62,0.57,0.59,0.63,0.65
Global,Dec,2003,0.59,0.59,0.62,0.57,0.59,0.63,0.75
Global,Feb,2003,0.59,0.59,0.62,0.57,0.59,0.63,0.58
Global,Jan,2003,0.59,0.59,0.62,0.57,0.59,0.63,0.75
Global,Jul,2003,0.59,0.59,0.62,0.57,0.59,0.63,0.59
Global,Jun,2003,0.59,0.59,0.62,0.57,0.59,0.63,0.48
Global,Mar,2003,0.59,0.59,0.62,0.57,0.59,0.63,0.6
Global,May,2003,0.59,0.59,0.62,0.57,0.59,0.63,0.61
Global,Nov,2003,0.59,0.59,0.62,0.57,0.59,0.63,0.53
Global,Oct,2003,0.59,0.59,0.62,0.57,0.59,0.63,0.73
Global,Sep,2003,0.59,0.59,0.62,0.57,0.59,0.63,0.62
Global,Apr,2004,0.56,0.69,0.54,0.39,0.54,0.61,0.61
Global,Aug,2004,0.56,0.69,0.54,0.39,0.54,0.61,0.47
Global,Dec,2004,0.56,0.69,0.54,0.39,0.54,0.61,0.51
Global,Feb,2004,0.56,0.69,0.54,0.39,0.54,0.61,0.73
Global,Jan,2004,0.56,0.69,0.54,0.39,0.54,0.61,0.58
Global,Jul,2004,0.56,0.69,0.54,0.39,0.54,0.61,0.27
Global,Jun,2004,0.56,0.69,0.54,0.39,0.54,0.61,0.44
Global,Mar,2004,0.56,0.69,0.54,0.39,0.54,0.61,0.64
Global,May,2004,0.56,0.69,0.54,0.39,0.54,0.61,0.38
Global,Nov,2004,0.56,0.69,0.54,0.39,0.54,0.61,0.73
Global,Oct,2004,0.56,0.69,0.54,0.39,0.54,0.61,0.61
Global,Sep,2004,0.56,0.69,0.54,0.39,0.54,0.61,0.5
Global,Apr,2005,0.67,0.62,0.68,0.63,0.69,0.73,0.68
Global,Aug,2005,0.67,0.62,0.68,0.63,0.69,0.73,0.62
Global,Dec,2005,0.67,0.62,0.68,0.63,0.69,0.73,0.68
Global,Feb,2005,0.67,0.62,0.68,0.63,0.69,0.73,0.6
Global,Jan,2005,0.67,0.62,0.68,0.63,0.69,0.73,0.75
Global,Jul,2005,0.67,0.62,0.68,0.63,0.69,0.73,0.62
Global,Jun,2005,0.67,0.62,0.68,0.63,0.69,0.73,0.65
Global,Mar,2005,0.67,0.62,0.68,0.63,0.69,0.73,0.75
Global,May,2005,0.67,0.62,0.68,0.63,0.69,0.73,0.63
Global,Nov,2005,0.67,0.62,0.68,0.63,0.69,0.73,0.74
Global,Oct,2005,0.67,0.62,0.68,0.63,0.69,0.73,0.75
Global,Sep,2005,0.67,0.62,0.68,0.63,0.69,0.73,0.71
Global,Apr,2006,0.63,0.66,0.64,0.64,0.54,0.69,0.49
Global,Aug,2006,0.63,0.66,0.64,0.64,0.54,0.69,0.71
Global,Dec,2006,0.63,0.66,0.64,0.64,0.54,0.69,0.79
Global,Feb,2006,0.63,0.66,0.64,0.64,0.54,0.69,0.73
Global,Jan,2006,0.63,0.66,0.64,0.64,0.54,0.69,0.57
Global,Jul,2006,0.63,0.66,0.64,0.64,0.54,0.69,0.55
Global,Jun,2006,0.63,0.66,0.64,0.64,0.54,0.69,0.66
Global,Mar,2006,0.63,0.66,0.64,0.64,0.54,0.69,0.63
Global,May,2006,0.63,0.66,0.64,0.64,0.54,0.69,0.5
Global,Nov,2006,0.63,0.66,0.64,0.64,0.54,0.69,0.74
Global,Oct,2006,0.63,0.66,0.64,0.64,0.54,0.69,0.7
Global,Sep,2006,0.63,0.66,0.64,0.64,0.54,0.69,0.65
Global,Apr,2007,0.69,0.84,0.67,0.61,0.73,0.59,0.77
Global,Aug,2007,0.69,0.84,0.67,0.61,0.73,0.59,0.6
Global,Dec,2007,0.69,0.84,0.67,0.61,0.73,0.59,0.5
Global,Feb,2007,0.69,0.84,0.67,0.61,0.73,0.59,0.7
Global,Jan,2007,0.69,0.84,0.67,0.61,0.73,0.59,1.03
Global,Jul,2007,0.69,0.84,0.67,0.61,0.73,0.59,0.61
Global,Jun,2007,0.69,0.84,0.67,0.61,0.73,0.59,0.62
Global,Mar,2007,0.69,0.84,0.67,0.61,0.73,0.59,0.73
Global,May,2007,0.69,0.84,0.67,0.61,0.73,0.59,0.69
Global,Nov,2007,0.69,0.84,0.67,0.61,0.73,0.59,0.59
Global,Oct,2007,0.69,0.84,0.67,0.61,0.73,0.59,0.58
Global,Sep,2007,0.69,0.84,0.67,0.61,0.73,0.59,0.6
Global,Apr,2008,0.54,0.39,0.55,0.52,0.59,0.66,0.54
Global,Aug,2008,0.54,0.39,0.55,0.52,0.59,0.66,0.47
Global,Dec,2008,0.54,0.39,0.55,0.52,0.59,0.66,0.54
Global,Feb,2008,0.54,0.39,0.55,0.52,0.59,0.66,0.38
Global,Jan,2008,0.54,0.39,0.55,0.52,0.59,0.66,0.31
Global,Jul,2008,0.54,0.39,0.55,0.52,0.59,0.66,0.6
Global,Jun,2008,0.54,0.39,0.55,0.52,0.59,0.66,0.5
Global,Mar,2008,0.54,0.39,0.55,0.52,0.59,0.66,0.75
Global,May,2008,0.54,0.39,0.55,0.52,0.59,0.66,0.49
Global,Nov,2008,0.54,0.39,0.55,0.52,0.59,0.66,0.69
Global,Oct,2008,0.54,0.39,0.55,0.52,0.59,0.66,0.67
Global,Sep,2008,0.54,0.39,0.55,0.52,0.59,0.66,0.61
Global,Apr,2009,0.65,0.57,0.66,0.69,0.6,0.73,0.61
Global,Aug,2009,0.65,0.57,0.66,0.69,0.6,0.73,0.68
Global,Dec,2009,0.65,0.57,0.66,0.69,0.6,0.73,0.68
Global,Feb,2009,0.65,0.57,0.66,0.69,0.6,0.73,0.53
Global,Jan,2009,0.65,0.57,0.66,0.69,0.6,0.73,0.65
Global,Jul,2009,0.65,0.57,0.66,0.69,0.6,0.73,0.74
Global,Jun,2009,0.65,0.57,0.66,0.69,0.6,0.73,0.65
Global,Mar,2009,0.65,0.57,0.66,0.69,0.6,0.73,0.54
Global,May,2009,0.65,0.57,0.66,0.69,0.6,0.73,0.65
Global,Nov,2009,0.65,0.57,0.66,0.69,0.6,0.73,0.81
Global,Oct,2009,0.65,0.57,0.66,0.69,0.6,0.73,0.65
Global,Sep,2009,0.65,0.57,0.66,0.69,0.6,0.73,0.73
Global,Apr,2010,0.74,0.76,0.72,0.66,0.84,0.72,0.84
Global,Aug,2010,0.74,0.76,0.72,0.66,0.84,0.72,0.68
Global,Dec,2010,0.74,0.76,0.72,0.66,0.84,0.72,0.45
Global,Feb,2010,0.74,0.76,0.72,0.66,0.84,0.72,0.84
Global,Jan,2010,0.74,0.76,0.72,0.66,0.84,0.72,0.75
Global,Jul,2010,0.74,0.76,0.72,0.66,0.84,0.72,0.63
Global,Jun,2010,0.74,0.76,0.72,0.66,0.84,0.72,0.68
Global,Mar,2010,0.74,0.76,0.72,0.66,0.84,0.72,0.92
Global,May,2010,0.74,0.76,0.72,0.66,0.84,0.72,0.75
Global,Nov,2010,0.74,0.76,0.72,0.66,0.84,0.72,0.82
Global,Oct,2010,0.74,0.76,0.72,0.66,0.84,0.72,0.71
Global,Sep,2010,0.74,0.76,0.72,0.66,0.84,0.72,0.63
Global,Apr,2011,0.6,0.48,0.61,0.69,0.61,0.61,0.65
Global,Aug,2011,0.6,0.48,0.61,0.69,0.61,0.61,0.75
Global,Dec,2011,0.6,0.48,0.61,0.69,0.61,0.61,0.6
Global,Feb,2011,0.6,0.48,0.61,0.69,0.61,0.61,0.48
Global,Jan,2011,0.6,0.48,0.61,0.69,0.61,0.61,0.52
Global,Jul,2011,0.6,0.48,0.61,0.69,0.61,0.61,0.71
Global,Jun,2011,0.6,0.48,0.61,0.69,0.61,0.61,0.62
Global,Mar,2011,0.6,0.48,0.61,0.69,0.61,0.61,0.65
Global,May,2011,0.6,0.48,0.61,0.69,0.61,0.61,0.52
Global,Nov,2011,0.6,0.48,0.61,0.69,0.61,0.61,0.59
Global,Oct,2011,0.6,0.48,0.61,0.69,0.61,0.61,0.66
Global,Sep,2011,0.6,0.48,0.61,0.69,0.61,0.61,0.57
Global,Apr,2012,0.65,0.53,0.65,0.62,0.69,0.76,0.72
Global,Aug,2012,0.65,0.53,0.65,0.62,0.69,0.76,0.63
Global,Dec,2012,0.65,0.53,0.65,0.62,0.69,0.76,0.53
Global,Feb,2012,0.65,0.53,0.65,0.62,0.69,0.76,0.5
Global,Jan,2012,0.65,0.53,0.65,0.62,0.69,0.76,0.49
Global,Jul,2012,0.65,0.53,0.65,0.62,0.69,0.76,0.58
Global,Jun,2012,0.65,0.53,0.65,0.62,0.69,0.76,0.65
Global,Mar,2012,0.65,0.53,0.65,0.62,0.69,0.76,0.58
Global,May,2012,0.65,0.53,0.65,0.62,0.69,0.76,0.78
Global,Nov,2012,0.65,0.53,0.65,0.62,0.69,0.76,0.78
Global,Oct,2012,0.65,0.53,0.65,0.62,0.69,0.76,0.79
Global,Sep,2012,0.65,0.53,0.65,0.62,0.69,0.76,0.72
Global,Apr,2013,0.67,0.62,0.68,0.67,0.61,0.77,0.55
Global,Aug,2013,0.67,0.62,0.68,0.67,0.61,0.77,0.7
Global,Dec,2013,0.67,0.62,0.68,0.67,0.61,0.77,0.7
Global,Feb,2013,0.67,0.62,0.68,0.67,0.61,0.77,0.63
Global,Jan,2013,0.67,0.62,0.68,0.67,0.61,0.77,0.71
Global,Jul,2013,0.67,0.62,0.68,0.67,0.61,0.77,0.61
Global,Jun,2013,0.67,0.62,0.68,0.67,0.61,0.77,0.69
Global,Mar,2013,0.67,0.62,0.68,0.67,0.61,0.77,0.68
Global,May,2013,0.67,0.62,0.68,0.67,0.61,0.77,0.61
Global,Nov,2013,0.67,0.62,0.68,0.67,0.61,0.77,0.84
Global,Oct,2013,0.67,0.62,0.68,0.67,0.61,0.77,0.69
Global,Sep,2013,0.67,0.62,0.68,0.67,0.61,0.77,0.78
Global,Apr,2014,0.74,0.67,0.75,0.7,0.82,0.79,0.81
Global,Aug,2014,0.74,0.67,0.75,0.7,0.82,0.79,0.82
Global,Dec,2014,0.74,0.67,0.75,0.7,0.82,0.79,0.79
Global,Feb,2014,0.74,0.67,0.75,0.7,0.82,0.79,0.55
Global,Jan,2014,0.74,0.67,0.75,0.7,0.82,0.79,0.76
Global,Jul,2014,0.74,0.67,0.75,0.7,0.82,0.79,0.58
Global,Jun,2014,0.74,0.67,0.75,0.7,0.82,0.79,0.68
Global,Mar,2014,0.74,0.67,0.75,0.7,0.82,0.79,0.79
Global,May,2014,0.74,0.67,0.75,0.7,0.82,0.79,0.87
Global,Nov,2014,0.74,0.67,0.75,0.7,0.82,0.79,0.67
Global,Oct,2014,0.74,0.67,0.75,0.7,0.82,0.79,0.81
Global,Sep,2014,0.74,0.67,0.75,0.7,0.82,0.79,0.88
Global,Apr,2015,0.87,0.85,0.9,0.79,0.84,1,0.76
Global,Aug,2015,0.87,0.85,0.9,0.79,0.84,1,0.81
Global,Dec,2015,0.87,0.85,0.9,0.79,0.84,1,1.16
Global,Feb,2015,0.87,0.85,0.9,0.79,0.84,1,0.91
Global,Jan,2015,0.87,0.85,0.9,0.79,0.84,1,0.85
Global,Jul,2015,0.87,0.85,0.9,0.79,0.84,1,0.74
Global,Jun,2015,0.87,0.85,0.9,0.79,0.84,1,0.82
Global,Mar,2015,0.87,0.85,0.9,0.79,0.84,1,0.96
Global,May,2015,0.87,0.85,0.9,0.79,0.84,1,0.8
Global,Nov,2015,0.87,0.85,0.9,0.79,0.84,1,1.06
Global,Oct,2015,0.87,0.85,0.9,0.79,0.84,1,1.09
Global,Sep,2015,0.87,0.85,0.9,0.79,0.84,1,0.85
Global,Apr,2016,1.04,1.24,1.02,0.89,1.14,0.9,1.12
Global,Aug,2016,1.04,1.24,1.02,0.89,1.14,0.9,1.02
Global,Dec,2016,1.04,1.24,1.02,0.89,1.14,0.9,0.86
Global,Feb,2016,1.04,1.24,1.02,0.89,1.14,0.9,1.37
Global,Jan,2016,1.04,1.24,1.02,0.89,1.14,0.9,1.17
Global,Jul,2016,1.04,1.24,1.02,0.89,1.14,0.9,0.85
Global,Jun,2016,1.04,1.24,1.02,0.89,1.14,0.9,0.81
Global,Mar,2016,1.04,1.24,1.02,0.89,1.14,0.9,1.35
Global,May,2016,1.04,1.24,1.02,0.89,1.14,0.9,0.96
Global,Nov,2016,1.04,1.24,1.02,0.89,1.14,0.9,0.91
Global,Oct,2016,1.04,1.24,1.02,0.89,1.14,0.9,0.89
Global,Sep,2016,1.04,1.24,1.02,0.89,1.14,0.9,0.91
Global,Apr,2017,0.92,1.02,0.93,0.8,1.01,0.85,0.95
Global,Aug,2017,0.92,1.02,0.93,0.8,1.01,0.85,0.87
Global,Dec,2017,0.92,1.02,0.93,0.8,1.01,0.85,0.94
Global,Feb,2017,0.92,1.02,0.93,0.8,1.01,0.85,1.15
Global,Jan,2017,0.92,1.02,0.93,0.8,1.01,0.85,1.03
Global,Jul,2017,0.92,1.02,0.93,0.8,1.01,0.85,0.82
Global,Jun,2017,0.92,1.02,0.93,0.8,1.01,0.85,0.72
Global,Mar,2017,0.92,1.02,0.93,0.8,1.01,0.85,1.17
Global,May,2017,0.92,1.02,0.93,0.8,1.01,0.85,0.91
Global,Nov,2017,0.92,1.02,0.93,0.8,1.01,0.85,0.88
Global,Oct,2017,0.92,1.02,0.93,0.8,1.01,0.85,0.9
Global,Sep,2017,0.92,1.02,0.93,0.8,1.01,0.85,0.77
Global,Apr,2018,0.85,0.87,0.85,0.79,0.87,0.89,0.89
Global,Aug,2018,0.85,0.87,0.85,0.79,0.87,0.89,0.76
Global,Dec,2018,0.85,0.87,0.85,0.79,0.87,0.89,0.92
Global,Feb,2018,0.85,0.87,0.85,0.79,0.87,0.89,0.85
Global,Jan,2018,0.85,0.87,0.85,0.79,0.87,0.89,0.82
Global,Jul,2018,0.85,0.87,0.85,0.79,0.87,0.89,0.83
Global,Jun,2018,0.85,0.87,0.85,0.79,0.87,0.89,0.78
Global,Mar,2018,0.85,0.87,0.85,0.79,0.87,0.89,0.9
Global,May,2018,0.85,0.87,0.85,0.79,0.87,0.89,0.83
Global,Nov,2018,0.85,0.87,0.85,0.79,0.87,0.89,0.83
Global,Oct,2018,0.85,0.87,0.85,0.79,0.87,0.89,1.02
Global,Sep,2018,0.85,0.87,0.85,0.79,0.87,0.89,0.81
Global,Apr,2019,0.97,0.94,0.99,0.94,1.02,0.98,1.02
Global,Aug,2019,0.97,0.94,0.99,0.94,1.02,0.98,0.94
Global,Dec,2019,0.97,0.94,0.99,0.94,1.02,0.98,1.09
Global,Feb,2019,0.97,0.94,0.99,0.94,1.02,0.98,0.96
Global,Jan,2019,0.97,0.94,0.99,0.94,1.02,0.98,0.94
Global,Jul,2019,0.97,0.94,0.99,0.94,1.02,0.98,0.95
Global,Jun,2019,0.97,0.94,0.99,0.94,1.02,0.98,0.93
Global,Mar,2019,0.97,0.94,0.99,0.94,1.02,0.98,1.18
Global,May,2019,0.97,0.94,0.99,0.94,1.02,0.98,0.86
Global,Nov,2019,0.97,0.94,0.99,0.94,1.02,0.98,1.01
Global,Oct,2019,0.97,0.94,0.99,0.94,1.02,0.98,1.02
Global,Sep,2019,0.97,0.94,0.99,0.94,1.02,0.98,0.93
Global,Apr,2020,1.05,1.18,1.02,0.9,1.11,1,1.14
Global,Aug,2020,1.05,1.18,1.02,0.9,1.11,1,0.87
Global,Dec,2020,1.05,1.18,1.02,0.9,1.11,1,0.81
Global,Feb,2020,1.05,1.18,1.02,0.9,1.11,1,1.26
Global,Jan,2020,1.05,1.18,1.02,0.9,1.11,1,1.17
Global,Jul,2020,1.05,1.18,1.02,0.9,1.11,1,0.9
Global,Jun,2020,1.05,1.18,1.02,0.9,1.11,1,0.92
Global,Mar,2020,1.05,1.18,1.02,0.9,1.11,1,1.18
Global,May,2020,1.05,1.18,1.02,0.9,1.11,1,1.02
Global,Nov,2020,1.05,1.18,1.02,0.9,1.11,1,1.11
Global,Oct,2020,1.05,1.18,1.02,0.9,1.11,1,0.89
Global,Sep,2020,1.05,1.18,1.02,0.9,1.11,1,0.99
